const unsigned char logo_ti99[]={     // incluso header BMP, 256*204, 4bit per pixel palettized

  /*000E:*/ 0x28, 0x00, 
  /*0010:*/ 0x00, 0x00, 0x00, 0x01, 0x00, 0x00, 0xCC, 0x00, 0x00, 0x00, 0x01, 0x00, 0x04, 0x00, 0x00, 0x00, 
  /*0020:*/ 0x00, 0x00, 0x00, 0x66, 0x00, 0x00, 0x00, 0x00, 0x00, 0x00, 0x00, 0x00, 0x00, 0x00, 0x10, 0x00, 
  /*0030:*/ 0x00, 0x00, 0x10, 0x00, 0x00, 0x00, 0x11, 0x0E, 0x0C, 0x00, 0x1B, 0x19, 0x32, 0x00, 0x2A, 0x26, 
  /*0040:*/ 0x20, 0x00, 0x2F, 0x4F, 0x4A, 0x00, 0x47, 0x4B, 0x50, 0x00, 0x9B, 0x65, 0x62, 0x00, 0xA9, 0xAF, 
  /*0050:*/ 0x81, 0x00, 0xF3, 0xC4, 0x96, 0x00, 0x6F, 0x99, 0xD8, 0x00, 0xBF, 0xA2, 0xCC, 0x00, 0xDA, 0xA2, 
  /*0060:*/ 0xCF, 0x00, 0xE2, 0xE6, 0xDC, 0x00, 0xF2, 0xCE, 0xCB, 0x00, 0xF6, 0xEA, 0xD0, 0x00, 0xF7, 0xF8, 
  /*0070:*/ 0xF9, 0x00, 0xFB, 0xFF, 0xFF, 0x00, 0xFF, 0xFF, 0xFF, 0xFF, 0xFF, 0xFF, 0xFF, 0xFF, 0xFF, 0xFF, 
  /*0080:*/ 0xFF, 0xFF, 0xFF, 0xFF, 0xFF, 0xFF, 0xFF, 0xFF, 0xFF, 0xFF, 0xFF, 0xFF, 0xFF, 0xFF, 0xFF, 0xFF, 
  /*0090:*/ 0xFF, 0xFF, 0xFF, 0xFF, 0xFF, 0xFF, 0xFF, 0xFF, 0xFF, 0xFF, 0xFF, 0xFF, 0xFE, 0xEE, 0xBE, 0xBB, 
  /*00A0:*/ 0xBB, 0xEB, 0xEB, 0xBB, 0xEB, 0xBB, 0xBB, 0xBB, 0xBB, 0xB9, 0xBB, 0x9B, 0xB9, 0xB9, 0xB8, 0xB9, 
  /*00B0:*/ 0x99, 0xB8, 0xB9, 0x99, 0xB8, 0xB9, 0x99, 0x99, 0x99, 0x99, 0x99, 0x99, 0x98, 0x99, 0x99, 0x98, 
  /*00C0:*/ 0x99, 0x99, 0x99, 0x99, 0x98, 0x99, 0x99, 0x98, 0x99, 0x99, 0x99, 0x99, 0x99, 0x99, 0x99, 0x99, 
  /*00D0:*/ 0x99, 0x99, 0x99, 0x99, 0xB8, 0xB9, 0x99, 0xB8, 0xB9, 0xB9, 0xB9, 0xB9, 0xB9, 0xBB, 0xB9, 0xBB, 
  /*00E0:*/ 0xB9, 0xBB, 0xBB, 0xBB, 0xB9, 0xBB, 0xBB, 0xBB, 0xBB, 0xBB, 0xEE, 0xFF, 0xFF, 0xFF, 0xFF, 0xFF, 
  /*00F0:*/ 0xFF, 0xFF, 0xFF, 0xFF, 0xFF, 0xFF, 0xFF, 0xFF, 0xFF, 0xFF, 0xFF, 0xFF, 0xFF, 0xFF, 0xFF, 0xFF, 
  /*0100:*/ 0xFF, 0xFF, 0xFF, 0xFF, 0xFF, 0xFF, 0xFF, 0xFF, 0xFF, 0xFF, 0xFF, 0xFF, 0xFF, 0xFF, 0xFF, 0xFF, 
  /*0110:*/ 0xFF, 0xFF, 0xFF, 0xFF, 0xFF, 0xFF, 0xFF, 0xFF, 0xFF, 0xFF, 0xFE, 0xBB, 0x99, 0x99, 0xB8, 0x98, 
  /*0120:*/ 0x98, 0x98, 0x98, 0x98, 0x68, 0x98, 0x98, 0x68, 0x86, 0x86, 0x88, 0x68, 0x68, 0x68, 0x64, 0x84, 
  /*0130:*/ 0x68, 0x46, 0x84, 0x68, 0x46, 0x84, 0x68, 0x46, 0x83, 0x68, 0x36, 0x38, 0x64, 0x64, 0x63, 0x66, 
  /*0140:*/ 0x46, 0x38, 0x36, 0x38, 0x46, 0x46, 0x38, 0x46, 0x46, 0x38, 0x36, 0x83, 0x68, 0x36, 0x84, 0x86, 
  /*0150:*/ 0x84, 0x86, 0x86, 0x86, 0x85, 0x84, 0x68, 0x46, 0x86, 0x86, 0x86, 0x86, 0x86, 0x88, 0x68, 0x86, 
  /*0160:*/ 0x86, 0x88, 0x68, 0x86, 0x86, 0x88, 0x68, 0x86, 0x89, 0x89, 0x9B, 0xEF, 0xFF, 0xFF, 0xFF, 0xFF, 
  /*0170:*/ 0xFF, 0xFF, 0xFF, 0xFF, 0xFF, 0xFF, 0xFF, 0xFF, 0xFF, 0xFF, 0xFF, 0xFF, 0xFF, 0xFF, 0xFF, 0xFF, 
  /*0180:*/ 0xFF, 0xFF, 0xFF, 0xFF, 0xFF, 0xFF, 0xFF, 0xFF, 0xFF, 0xFF, 0xFF, 0xFF, 0xFF, 0xFF, 0xFF, 0xFF, 
  /*0190:*/ 0xFF, 0xFF, 0xFF, 0xFF, 0xFF, 0xFF, 0xFF, 0xFF, 0xFF, 0xFE, 0xB9, 0x98, 0x68, 0x68, 0x65, 0x86, 
  /*01A0:*/ 0x66, 0x86, 0x66, 0x68, 0x69, 0x66, 0x86, 0x96, 0x99, 0x69, 0x96, 0x99, 0x99, 0x99, 0x69, 0x66, 
  /*01B0:*/ 0x56, 0x66, 0x66, 0x66, 0x96, 0x69, 0x6B, 0x6B, 0x6B, 0x9B, 0xBB, 0xB6, 0xBB, 0xBB, 0xBB, 0x8B, 
  /*01C0:*/ 0xBB, 0xBB, 0xB9, 0xB6, 0xBB, 0x6B, 0x96, 0xB6, 0x99, 0x6B, 0x66, 0x69, 0x66, 0x68, 0x66, 0x66, 
  /*01D0:*/ 0x66, 0x65, 0x64, 0x64, 0x64, 0x65, 0x46, 0x9B, 0x96, 0x99, 0x69, 0x96, 0x99, 0x69, 0x69, 0x69, 
  /*01E0:*/ 0x69, 0x69, 0x66, 0x96, 0x86, 0x96, 0x65, 0x68, 0x56, 0x68, 0x68, 0xBB, 0xEF, 0xFF, 0xFF, 0xFF, 
  /*01F0:*/ 0xFF, 0xFF, 0xFF, 0xFF, 0xFF, 0xFF, 0xFF, 0xFF, 0xFF, 0xFF, 0xFF, 0xFF, 0xFF, 0xFF, 0xFF, 0xFF, 
  /*0200:*/ 0xFF, 0xFF, 0xFF, 0xFF, 0xFF, 0xFF, 0xFF, 0xFF, 0xFF, 0xFF, 0xFF, 0xFF, 0xFF, 0xFF, 0xFF, 0xFF, 
  /*0210:*/ 0xFF, 0xFF, 0xFF, 0xFF, 0xFF, 0xFF, 0xFF, 0xFF, 0xFF, 0xB9, 0x9B, 0x6B, 0xBB, 0xBB, 0xBB, 0xBB, 
  /*0220:*/ 0xBB, 0xEB, 0xEB, 0xEE, 0xEB, 0xEE, 0xEE, 0xEE, 0xEE, 0xEE, 0xEE, 0xEE, 0xEE, 0xBE, 0xEE, 0xEE, 
  /*0230:*/ 0xBE, 0xBE, 0xEE, 0xEE, 0xEE, 0xEE, 0xEE, 0xEE, 0xEE, 0xBB, 0xBB, 0xEE, 0xEB, 0xEB, 0xBE, 0xEE, 
  /*0240:*/ 0xEB, 0xBB, 0xEB, 0xEE, 0xEE, 0xEB, 0xEE, 0xEE, 0xEE, 0xEE, 0xEE, 0xEE, 0xBE, 0xEE, 0xEE, 0xEB, 
  /*0250:*/ 0xBE, 0xBB, 0xEE, 0xEE, 0xEE, 0xEE, 0xEE, 0xEE, 0xEE, 0xEE, 0xEE, 0xEE, 0xEE, 0xEE, 0xEE, 0xEE, 
  /*0260:*/ 0xEE, 0xEE, 0xEE, 0xEE, 0xEE, 0xEE, 0xEE, 0xEE, 0xEE, 0xEB, 0xEB, 0x99, 0x9E, 0xEF, 0xFF, 0xFF, 
  /*0270:*/ 0xFF, 0xFF, 0xFF, 0xFF, 0xFF, 0xFF, 0xFF, 0xFF, 0xFF, 0xFF, 0xFF, 0xFF, 0xFF, 0xFF, 0xFF, 0xFF, 
  /*0280:*/ 0xFF, 0xFF, 0xFF, 0xFF, 0xFF, 0xFF, 0xFF, 0xFF, 0xFF, 0xFF, 0xFF, 0xFF, 0xFF, 0xFF, 0xFF, 0xFF, 
  /*0290:*/ 0xFF, 0xFF, 0xFF, 0xFF, 0xFF, 0xFF, 0xFF, 0xFF, 0xFB, 0xBE, 0xEE, 0xEE, 0xEE, 0xEE, 0xEE, 0xEE, 
  /*02A0:*/ 0xEE, 0xEE, 0xEE, 0xEE, 0xEE, 0xEE, 0xEE, 0xEE, 0xEE, 0xEE, 0xEE, 0xEE, 0xEE, 0xEE, 0xEE, 0xEE, 
  /*02B0:*/ 0xEE, 0xEE, 0xEE, 0xEE, 0xEE, 0xEE, 0xEE, 0xEE, 0xBE, 0xEE, 0xEE, 0xEE, 0xEE, 0xEE, 0xEE, 0xEE, 
  /*02C0:*/ 0xEE, 0xEE, 0xEE, 0xEE, 0xEE, 0xEE, 0xEE, 0xEE, 0xEE, 0xEE, 0xEE, 0xEE, 0xEE, 0xEE, 0xEE, 0xEE, 
  /*02D0:*/ 0xEE, 0xEE, 0xEE, 0xEE, 0xEE, 0xEE, 0xEE, 0xEE, 0xEE, 0xEE, 0xEE, 0xEE, 0xEE, 0xEE, 0xEE, 0xEE, 
  /*02E0:*/ 0xEE, 0xEE, 0xEE, 0xEE, 0xEE, 0xEE, 0xEE, 0xEE, 0xEE, 0xEE, 0xEE, 0xEE, 0xEB, 0xBF, 0xFF, 0xFF, 
  /*02F0:*/ 0xFF, 0xFF, 0xFF, 0xFF, 0xFF, 0xFF, 0xFF, 0xFF, 0xFF, 0xFF, 0xFF, 0xFF, 0xFF, 0xFF, 0xFF, 0xFF, 
  /*0300:*/ 0xFF, 0xFF, 0xFF, 0xFF, 0xFF, 0xFF, 0xFF, 0xFF, 0xFF, 0xFF, 0xFF, 0xFF, 0xFF, 0xFF, 0xFF, 0xFF, 
  /*0310:*/ 0xFF, 0xFF, 0xFF, 0xFF, 0xFF, 0xFF, 0xFF, 0xFF, 0xEE, 0xEE, 0xEB, 0xEE, 0xEE, 0xEE, 0xBE, 0xEE, 
  /*0320:*/ 0xEE, 0xEE, 0xEE, 0xEE, 0xEE, 0xEE, 0xEE, 0xEE, 0xEE, 0xEE, 0xEE, 0xEE, 0xEE, 0xEE, 0xEE, 0xEB, 
  /*0330:*/ 0xEE, 0xEE, 0xEE, 0xEE, 0xEE, 0xEE, 0xEE, 0xEE, 0xEE, 0xEE, 0xEE, 0xEE, 0xEE, 0xEE, 0xEE, 0xEE, 
  /*0340:*/ 0xEE, 0xEE, 0xEE, 0xEE, 0xEE, 0xEE, 0xEE, 0xEE, 0xEE, 0xEE, 0xEE, 0xEE, 0xEE, 0xEE, 0xEE, 0xEE, 
  /*0350:*/ 0xEE, 0xEE, 0xEE, 0xEE, 0xEE, 0xEE, 0xEE, 0xEE, 0xEE, 0xEE, 0xEE, 0xEE, 0xEE, 0xEE, 0xEE, 0xEE, 
  /*0360:*/ 0xEE, 0xEE, 0xEE, 0xEE, 0xEE, 0xEE, 0xEE, 0xEE, 0xEE, 0xEE, 0xEE, 0xEE, 0xEE, 0xEE, 0xEF, 0xFF, 
  /*0370:*/ 0xFF, 0xFF, 0xFF, 0xFF, 0xFF, 0xFF, 0xFF, 0xFF, 0xFF, 0xFF, 0xFF, 0xFF, 0xFF, 0xFF, 0xFF, 0xFF, 
  /*0380:*/ 0xFF, 0xFF, 0xFF, 0xFF, 0xFF, 0xFF, 0xFF, 0xFF, 0xFF, 0xFF, 0xFF, 0xFF, 0xFF, 0xFF, 0xFF, 0xFF, 
  /*0390:*/ 0xFF, 0xFF, 0xFF, 0xFF, 0xFF, 0xFF, 0xFF, 0xFE, 0xEE, 0xEE, 0xEE, 0xEE, 0xBE, 0xEE, 0xEE, 0xEE, 
  /*03A0:*/ 0xEE, 0xEE, 0xEE, 0xEE, 0xEE, 0xEE, 0xEE, 0xEE, 0xEE, 0xEE, 0xEE, 0xEE, 0xEE, 0xEE, 0xEE, 0xEE, 
  /*03B0:*/ 0xEE, 0xEE, 0xEE, 0xEE, 0xEE, 0xEE, 0xEE, 0xEE, 0xEE, 0xEE, 0xEE, 0xEE, 0xEE, 0xEE, 0xEE, 0xEE, 
  /*03C0:*/ 0xEE, 0xEE, 0xEE, 0xEE, 0xEE, 0xEE, 0xEE, 0xEE, 0xEE, 0xEE, 0xBE, 0xEE, 0xEE, 0xEE, 0xEE, 0xEE, 
  /*03D0:*/ 0xEE, 0xEB, 0xEE, 0xEE, 0xEE, 0xEE, 0xEE, 0xEE, 0xEE, 0xEE, 0xEE, 0xEE, 0xEE, 0xEE, 0xEE, 0xEE, 
  /*03E0:*/ 0xEE, 0xEE, 0xEE, 0xEE, 0xEE, 0xEE, 0xEE, 0xEE, 0xEE, 0xEE, 0xEE, 0xEE, 0xEE, 0xEE, 0xEF, 0xFF, 
  /*03F0:*/ 0xFF, 0xFF, 0xFF, 0xFF, 0xFF, 0xFF, 0xFF, 0xFF, 0xFF, 0xFF, 0xFF, 0xFF, 0xFF, 0xFF, 0xFF, 0xFF, 
  /*0400:*/ 0xFF, 0xFF, 0xFF, 0xFF, 0xFF, 0xFF, 0xFF, 0xFF, 0xFF, 0xFF, 0xFF, 0xFF, 0xFF, 0xFF, 0xFF, 0xFF, 
  /*0410:*/ 0xFF, 0xFF, 0xFF, 0xFF, 0xFF, 0xFF, 0xFF, 0xEE, 0xEE, 0xEE, 0xBE, 0xEE, 0xEE, 0xEE, 0xEE, 0xEE, 
  /*0420:*/ 0xEE, 0xBE, 0xEE, 0xEE, 0xEE, 0xEE, 0xEE, 0xEE, 0xEE, 0xEE, 0xEE, 0xEE, 0xEE, 0xEE, 0xEE, 0xEE, 
  /*0430:*/ 0xEE, 0xEE, 0xEE, 0xEE, 0xEE, 0xEE, 0xEE, 0xEE, 0xEE, 0xEE, 0xEE, 0xEE, 0xEE, 0xEE, 0xEE, 0xEE, 
  /*0440:*/ 0xEE, 0xEE, 0xEE, 0xEE, 0xEE, 0xEE, 0xEE, 0xEE, 0xEE, 0xEE, 0xEE, 0xEE, 0xEE, 0xEE, 0xEE, 0xEE, 
  /*0450:*/ 0xEE, 0xEE, 0xEE, 0xEE, 0xEE, 0xEE, 0xEE, 0xEE, 0xEE, 0xEE, 0xEE, 0xEE, 0xEE, 0xEE, 0xEE, 0xEE, 
  /*0460:*/ 0xEE, 0xEE, 0xEE, 0xEE, 0xEE, 0xEE, 0xEE, 0xEE, 0xEE, 0xEE, 0xEE, 0xEE, 0xEE, 0xBE, 0xEE, 0xEF, 
  /*0470:*/ 0xFF, 0xFF, 0xFF, 0xFF, 0xFF, 0xFF, 0xFF, 0xFF, 0xFF, 0xFF, 0xFF, 0xFF, 0xFF, 0xFF, 0xFF, 0xFF, 
  /*0480:*/ 0xFF, 0xFF, 0xFF, 0xFF, 0xFF, 0xFF, 0xFF, 0xFF, 0xFF, 0xFF, 0xFF, 0xFF, 0xFF, 0xFF, 0xFF, 0xFF, 
  /*0490:*/ 0xFF, 0xFF, 0xFF, 0xFF, 0xFF, 0xFF, 0xFE, 0xEE, 0xEE, 0xBE, 0xEE, 0xEE, 0xEE, 0xEE, 0xBE, 0xEE, 
  /*04A0:*/ 0xBE, 0xEE, 0xEB, 0xEE, 0xBE, 0xEB, 0xEB, 0xEE, 0xBE, 0xBB, 0xBE, 0xBB, 0xBB, 0xBB, 0xBB, 0xBB, 
  /*04B0:*/ 0xBB, 0xBB, 0xBB, 0xBB, 0xBB, 0xBB, 0xBB, 0xBB, 0xBB, 0xBB, 0xBB, 0xBB, 0xBB, 0xBB, 0xBB, 0xBB, 
  /*04C0:*/ 0xBB, 0xBB, 0xBB, 0xBB, 0xBB, 0xBB, 0xBB, 0xBB, 0xBB, 0xBB, 0xBB, 0xBB, 0xBB, 0xBB, 0xBB, 0xBB, 
  /*04D0:*/ 0xBB, 0xBB, 0xBB, 0xBB, 0xBB, 0xBB, 0xBB, 0xBB, 0xBB, 0xBB, 0xBB, 0xBB, 0xBE, 0xBB, 0xEB, 0xBE, 
  /*04E0:*/ 0xBB, 0xBE, 0xBE, 0xBE, 0xEE, 0xEE, 0xEE, 0xEE, 0xEE, 0xEE, 0xEE, 0xEE, 0xEE, 0xEE, 0xEE, 0xEF, 
  /*04F0:*/ 0xFF, 0xFF, 0xFF, 0xFF, 0xFF, 0xFF, 0xFF, 0xFF, 0xFF, 0xFF, 0xFF, 0xFF, 0xFF, 0xFF, 0xFF, 0xFF, 
  /*0500:*/ 0xFF, 0xFF, 0xFF, 0xFF, 0xFF, 0xFF, 0xFF, 0xFF, 0xFF, 0xFF, 0xFF, 0xFF, 0xFF, 0xFF, 0xFF, 0xFF, 
  /*0510:*/ 0xFF, 0xFF, 0xFF, 0xFF, 0xFF, 0xFF, 0xEE, 0xEE, 0xEE, 0xBB, 0xBB, 0xBB, 0xBB, 0xBB, 0xBB, 0xBB, 
  /*0520:*/ 0xBB, 0xBB, 0xBB, 0xBB, 0xBB, 0xBE, 0xBE, 0xBB, 0xEB, 0xEE, 0xEB, 0xEE, 0xEE, 0xEE, 0xEE, 0xEE, 
  /*0530:*/ 0xEE, 0xEE, 0xEE, 0xEE, 0xEE, 0xEE, 0xEE, 0xEE, 0xEE, 0xEE, 0xEE, 0xEE, 0xEE, 0xEE, 0xEE, 0xEE, 
  /*0540:*/ 0xEE, 0xEE, 0xEE, 0xEE, 0xEE, 0xEE, 0xEE, 0xEE, 0xEE, 0xEE, 0xEE, 0xEE, 0xEE, 0xEE, 0xEE, 0xEE, 
  /*0550:*/ 0xEE, 0xEE, 0xEE, 0xEE, 0xEE, 0xEE, 0xEE, 0xEE, 0xEE, 0xEE, 0xEE, 0xEE, 0xEE, 0xEE, 0xEE, 0xEB, 
  /*0560:*/ 0xEE, 0xBB, 0xBB, 0xEB, 0xBE, 0xBE, 0xBE, 0xBE, 0xEB, 0xEB, 0xEE, 0xBE, 0xBE, 0xEB, 0xEB, 0xEE, 
  /*0570:*/ 0xFF, 0xFF, 0xFF, 0xFF, 0xFF, 0xFF, 0xFF, 0xFF, 0xFF, 0xFF, 0xFF, 0xFF, 0xFF, 0xFF, 0xFF, 0xFF, 
  /*0580:*/ 0xFF, 0xFF, 0xFF, 0xFF, 0xFF, 0xFF, 0xFF, 0xFF, 0xFF, 0xFF, 0xFF, 0xFF, 0xFF, 0xFF, 0xFF, 0xFF, 
  /*0590:*/ 0xFF, 0xFF, 0xFF, 0xFF, 0xFF, 0xFF, 0xEB, 0xEE, 0xBB, 0xBE, 0xEE, 0xEE, 0xEE, 0xEE, 0xEE, 0xEE, 
  /*05A0:*/ 0xEE, 0xEE, 0xEE, 0xEE, 0xEE, 0xEE, 0xEE, 0xEE, 0xEE, 0xEE, 0xEE, 0xEE, 0xEE, 0xEE, 0xEE, 0xEE, 
  /*05B0:*/ 0xEE, 0xEE, 0xEE, 0xEE, 0xEE, 0xEE, 0xEE, 0xEE, 0xEE, 0xEE, 0xEE, 0xEE, 0xEE, 0xEE, 0xEE, 0xEE, 
  /*05C0:*/ 0xEE, 0xEE, 0xEE, 0xEE, 0xEE, 0xEE, 0xEE, 0xEE, 0xEE, 0xEE, 0xEE, 0xEE, 0xEE, 0xEE, 0xEE, 0xEE, 
  /*05D0:*/ 0xEE, 0xEE, 0xEE, 0xEE, 0xEE, 0xEE, 0xEE, 0xEE, 0xEE, 0xEE, 0xEE, 0xEE, 0xEE, 0xEE, 0xEE, 0xEE, 
  /*05E0:*/ 0xEE, 0xEE, 0xEE, 0xEE, 0xEE, 0xEE, 0xEE, 0xEE, 0xEE, 0xEE, 0xEE, 0xEE, 0xEB, 0xBB, 0xEE, 0xEE, 
  /*05F0:*/ 0xEF, 0xFF, 0xFF, 0xFF, 0xFF, 0xFF, 0xFF, 0xFF, 0xFF, 0xFF, 0xFF, 0xFF, 0xFF, 0xFF, 0xFF, 0xFF, 
  /*0600:*/ 0xFF, 0xFF, 0xFF, 0xFF, 0xFF, 0xFF, 0xFF, 0xFF, 0xFF, 0xFF, 0xFF, 0xFF, 0xFF, 0xFF, 0xFF, 0xFF, 
  /*0610:*/ 0xFF, 0xFF, 0xFF, 0xFF, 0xFF, 0xFE, 0xEE, 0xBB, 0xBB, 0xEE, 0xEE, 0xEE, 0xEE, 0xEE, 0xEE, 0xEE, 
  /*0620:*/ 0xEE, 0xEE, 0xEE, 0xEE, 0xEE, 0xEE, 0xEE, 0xEE, 0xEE, 0xEE, 0xEE, 0xEE, 0xEE, 0xEE, 0xEE, 0xEE, 
  /*0630:*/ 0xEE, 0xEE, 0xEE, 0xEE, 0xEE, 0xEE, 0xEE, 0xEE, 0xEE, 0xEE, 0xEE, 0xEE, 0xEE, 0xEE, 0xEE, 0xEE, 
  /*0640:*/ 0xEE, 0xEE, 0xEE, 0xEE, 0xEE, 0xEE, 0xEE, 0xEE, 0xEE, 0xEE, 0xEE, 0xEE, 0xEE, 0xEE, 0xEE, 0xEE, 
  /*0650:*/ 0xEE, 0xEE, 0xEE, 0xEE, 0xEE, 0xEE, 0xEE, 0xEE, 0xEE, 0xEE, 0xEE, 0xEE, 0xEE, 0xEE, 0xEE, 0xEE, 
  /*0660:*/ 0xEE, 0xEE, 0xEE, 0xEE, 0xEE, 0xEE, 0xEE, 0xEE, 0xEE, 0xEE, 0xEE, 0xEE, 0xEE, 0xEB, 0xBB, 0xBE, 
  /*0670:*/ 0xEF, 0xFF, 0xFF, 0xFF, 0xFF, 0xFF, 0xFF, 0xFF, 0xFF, 0xFF, 0xFF, 0xFF, 0xFF, 0xFF, 0xFF, 0xFF, 
  /*0680:*/ 0xFF, 0xFF, 0xFF, 0xFF, 0xFF, 0xFF, 0xFF, 0xFF, 0xFF, 0xFF, 0xFF, 0xFF, 0xFF, 0xFF, 0xFF, 0xFF, 
  /*0690:*/ 0xFF, 0xFF, 0xFF, 0xFF, 0xFF, 0xFE, 0xBB, 0xBB, 0xEE, 0xEE, 0xEE, 0xBE, 0xEE, 0xEE, 0xEE, 0xEE, 
  /*06A0:*/ 0xEE, 0xEE, 0xEE, 0xEE, 0xEE, 0xEE, 0xEE, 0xEE, 0xEE, 0xEE, 0xEE, 0xEE, 0xEE, 0xEE, 0xEE, 0xEE, 
  /*06B0:*/ 0xEE, 0xEE, 0xEE, 0xEE, 0xEE, 0xEE, 0xEE, 0xEE, 0xEE, 0xEE, 0xEE, 0xEE, 0xEE, 0xEE, 0xEE, 0xEE, 
  /*06C0:*/ 0xEE, 0xEE, 0xEE, 0xEE, 0xEE, 0xEE, 0xEE, 0xEE, 0xEE, 0xEE, 0xEE, 0xEE, 0xEE, 0xEE, 0xEE, 0xEE, 
  /*06D0:*/ 0xEE, 0xEE, 0xEE, 0xEE, 0xEE, 0xEE, 0xEE, 0xEE, 0xEE, 0xEE, 0xEE, 0xEE, 0xEE, 0xEE, 0xEE, 0xEE, 
  /*06E0:*/ 0xEE, 0xEE, 0xEE, 0xEE, 0xEE, 0xEE, 0xEE, 0xEE, 0xEE, 0xEE, 0xEE, 0xEE, 0xEE, 0xEE, 0xBB, 0xBB, 
  /*06F0:*/ 0xEE, 0xFF, 0xFF, 0xFF, 0xFF, 0xFF, 0xFF, 0xFF, 0xFF, 0xFF, 0xFF, 0xFF, 0xFF, 0xFF, 0xFF, 0xFF, 
  /*0700:*/ 0xFF, 0xFF, 0xFF, 0xFF, 0xFF, 0xFF, 0xFF, 0xFF, 0xFF, 0xFF, 0xFF, 0xFF, 0xFF, 0xFF, 0xFF, 0xFF, 
  /*0710:*/ 0xFF, 0xFF, 0xFF, 0xFF, 0xFF, 0xFE, 0xEB, 0xBE, 0xBE, 0xEB, 0xEE, 0xEE, 0xBE, 0xBB, 0xBE, 0xBB, 
  /*0720:*/ 0xBB, 0xBB, 0xBB, 0xBB, 0xBB, 0xBB, 0xBB, 0xBB, 0xBB, 0xBB, 0xBB, 0xBB, 0xBB, 0xBB, 0xB8, 0xBB, 
  /*0730:*/ 0x9B, 0x8B, 0xB8, 0xBB, 0x8B, 0x9B, 0x8B, 0x8B, 0x8B, 0x8B, 0x8B, 0x8B, 0x8B, 0x8B, 0x8B, 0x8B, 
  /*0740:*/ 0x8B, 0x8B, 0x8B, 0x99, 0xB8, 0xB8, 0xB9, 0x9B, 0x8B, 0x8B, 0x8B, 0x8B, 0x8B, 0x8B, 0x9B, 0x8B, 
  /*0750:*/ 0x9B, 0x8B, 0xB8, 0xBB, 0x8B, 0xB9, 0xBB, 0x9B, 0xBB, 0xBB, 0xBB, 0xBB, 0xBB, 0xBB, 0xBB, 0xBB, 
  /*0760:*/ 0xBB, 0xBB, 0xBB, 0xBB, 0xBB, 0xBB, 0xBB, 0xBB, 0xBB, 0xBE, 0xBE, 0xEE, 0xBE, 0xEE, 0xBB, 0xBB, 
  /*0770:*/ 0xEE, 0xFF, 0xFF, 0xFF, 0xFF, 0xFF, 0xFF, 0xFF, 0xFF, 0xFF, 0xFF, 0xFF, 0xFF, 0xFF, 0xFF, 0xFF, 
  /*0780:*/ 0xFF, 0xFF, 0xFF, 0xFF, 0xFF, 0xFF, 0xFF, 0xFF, 0xFF, 0xFF, 0xFF, 0xFF, 0xFF, 0xFF, 0xFF, 0xFF, 
  /*0790:*/ 0xFF, 0xFF, 0xFF, 0xFF, 0xFF, 0xEB, 0xBB, 0xBE, 0xBB, 0xBB, 0xB8, 0xBB, 0xB8, 0xBB, 0x8B, 0xB8, 
  /*07A0:*/ 0xBB, 0x8B, 0xB8, 0xB8, 0xB8, 0xB8, 0xB8, 0x8B, 0x88, 0xB8, 0x89, 0x88, 0x89, 0x88, 0xB9, 0x8B, 
  /*07B0:*/ 0x8B, 0x8B, 0x8B, 0x8B, 0x8B, 0x88, 0xB8, 0xB8, 0xB8, 0x68, 0xB8, 0x68, 0x98, 0x68, 0x96, 0x89, 
  /*07C0:*/ 0x68, 0xB8, 0x68, 0x98, 0x68, 0x96, 0x88, 0x86, 0x89, 0x86, 0x98, 0xB8, 0x69, 0x8B, 0x88, 0xB8, 
  /*07D0:*/ 0x89, 0x89, 0x8B, 0x89, 0x8B, 0x88, 0xB8, 0x8B, 0x88, 0x89, 0x88, 0xB8, 0x8B, 0x89, 0x8B, 0x8B, 
  /*07E0:*/ 0x8B, 0x8B, 0x8B, 0x8B, 0x8B, 0x8B, 0x8B, 0x8B, 0xB8, 0xBB, 0x8B, 0x8B, 0xB9, 0xBB, 0xBB, 0xBB, 
  /*07F0:*/ 0xBE, 0xEF, 0xFF, 0xFF, 0xFF, 0xFF, 0xFF, 0xFF, 0xFF, 0xFF, 0xFF, 0xFF, 0xFF, 0xFF, 0xFF, 0xFF, 
  /*0800:*/ 0xFF, 0xFF, 0xFF, 0xFF, 0xFF, 0xFF, 0xFF, 0xFF, 0xFF, 0xFF, 0xFF, 0xFF, 0xFF, 0xFF, 0xFF, 0xFF, 
  /*0810:*/ 0xFF, 0xFF, 0xFF, 0xFF, 0xFF, 0xEB, 0xBB, 0xBB, 0x8B, 0xB8, 0xB8, 0x98, 0x89, 0x88, 0x68, 0x86, 
  /*0820:*/ 0x88, 0x68, 0x48, 0x84, 0x86, 0x38, 0x36, 0x38, 0x44, 0x34, 0x43, 0x44, 0x33, 0x33, 0x33, 0x33, 
  /*0830:*/ 0x33, 0x31, 0x32, 0x31, 0x32, 0x32, 0x22, 0x22, 0x03, 0x22, 0x22, 0x32, 0x22, 0x32, 0x23, 0x22, 
  /*0840:*/ 0x32, 0x02, 0x22, 0x23, 0x22, 0x23, 0x22, 0x32, 0x22, 0x23, 0x22, 0x02, 0x32, 0x20, 0x22, 0x02, 
  /*0850:*/ 0x22, 0x32, 0x22, 0x22, 0x22, 0x23, 0x23, 0x21, 0x32, 0x33, 0x33, 0x13, 0x33, 0x33, 0x33, 0x33, 
  /*0860:*/ 0x33, 0x33, 0x33, 0x34, 0x44, 0x83, 0x83, 0x83, 0x84, 0x84, 0x86, 0x88, 0x68, 0xB8, 0xBB, 0xBB, 
  /*0870:*/ 0xBE, 0xEF, 0xFF, 0xFF, 0xFF, 0xFF, 0xFF, 0xFF, 0xFF, 0xFF, 0xFF, 0xFF, 0xFF, 0xFF, 0xFF, 0xFF, 
  /*0880:*/ 0xFF, 0xFF, 0xFF, 0xFF, 0xFF, 0xFF, 0xFF, 0xFF, 0xFF, 0xFF, 0xFF, 0xFF, 0xFF, 0xFF, 0xFF, 0xFF, 
  /*0890:*/ 0xFF, 0xFF, 0xFF, 0xFF, 0xFF, 0xEB, 0xBB, 0xB8, 0xB3, 0x33, 0x12, 0x32, 0x23, 0x22, 0x32, 0x21, 
  /*08A0:*/ 0x20, 0x12, 0x30, 0x23, 0x21, 0x32, 0x13, 0x12, 0x33, 0x33, 0x33, 0x33, 0x33, 0x32, 0x31, 0x32, 
  /*08B0:*/ 0x12, 0x13, 0x21, 0x23, 0x22, 0x23, 0x23, 0x23, 0x22, 0x13, 0x21, 0x22, 0x32, 0x23, 0x21, 0x23, 
  /*08C0:*/ 0x01, 0x32, 0x32, 0x12, 0x23, 0x12, 0x23, 0x22, 0x23, 0x21, 0x22, 0x32, 0x12, 0x32, 0x23, 0x22, 
  /*08D0:*/ 0x32, 0x22, 0x32, 0x32, 0x31, 0x22, 0x12, 0x22, 0x23, 0x22, 0x22, 0x32, 0x11, 0x21, 0x31, 0x11, 
  /*08E0:*/ 0x31, 0x31, 0x31, 0x33, 0x31, 0x22, 0x22, 0x22, 0x22, 0x22, 0x21, 0x00, 0x11, 0x38, 0xB8, 0xEB, 
  /*08F0:*/ 0xBB, 0xEF, 0xFF, 0xFF, 0xFF, 0xFF, 0xFF, 0xFF, 0xFF, 0xFF, 0xFF, 0xFF, 0xFF, 0xFF, 0xFF, 0xFF, 
  /*0900:*/ 0xFF, 0xFF, 0xFF, 0xFF, 0xFF, 0xFF, 0xFF, 0xFF, 0xFF, 0xFF, 0xFF, 0xFF, 0xFF, 0xFF, 0xFF, 0xFF, 
  /*0910:*/ 0xFF, 0xFF, 0xFF, 0xFF, 0xFF, 0xBB, 0xB8, 0xB8, 0x13, 0x13, 0x32, 0x33, 0x23, 0x32, 0x32, 0x32, 
  /*0920:*/ 0x33, 0x23, 0x23, 0x23, 0x23, 0x23, 0x23, 0x23, 0x22, 0x32, 0x23, 0x23, 0x22, 0x32, 0x23, 0x21, 
  /*0930:*/ 0x32, 0x32, 0x23, 0x22, 0x13, 0x12, 0x12, 0x21, 0x23, 0x22, 0x13, 0x21, 0x21, 0x22, 0x12, 0x12, 
  /*0940:*/ 0x12, 0x21, 0x21, 0x22, 0x12, 0x12, 0x12, 0x23, 0x12, 0x12, 0x23, 0x12, 0x23, 0x03, 0x12, 0x23, 
  /*0950:*/ 0x12, 0x22, 0x12, 0x12, 0x13, 0x23, 0x21, 0x32, 0x31, 0x23, 0x12, 0x12, 0x23, 0x12, 0x12, 0x31, 
  /*0960:*/ 0x21, 0x13, 0x13, 0x11, 0x12, 0x31, 0x22, 0x13, 0x13, 0x23, 0x12, 0x23, 0x22, 0x12, 0x89, 0xBB, 
  /*0970:*/ 0x8E, 0xEF, 0xFF, 0xFF, 0xFF, 0xFF, 0xFF, 0xFF, 0xFF, 0xFF, 0xFF, 0xFF, 0xFF, 0xFF, 0xFF, 0xFF, 
  /*0980:*/ 0xFF, 0xFF, 0xFF, 0xFF, 0xFF, 0xFF, 0xFF, 0xFF, 0xFF, 0xFF, 0xFF, 0xFF, 0xFF, 0xFF, 0xFF, 0xFF, 
  /*0990:*/ 0xFF, 0xFF, 0xFF, 0xFF, 0xFF, 0xBB, 0x9B, 0x31, 0x23, 0x13, 0x23, 0x23, 0x22, 0x32, 0x32, 0x33, 
  /*09A0:*/ 0x23, 0x23, 0x23, 0x23, 0x23, 0x23, 0x21, 0x32, 0x12, 0x13, 0x12, 0x12, 0x22, 0x21, 0x22, 0x12, 
  /*09B0:*/ 0x21, 0x21, 0x21, 0x21, 0x21, 0x22, 0x21, 0x21, 0x20, 0x12, 0x10, 0x22, 0x12, 0x12, 0x12, 0x21, 
  /*09C0:*/ 0x22, 0x12, 0x10, 0x21, 0x22, 0x22, 0x12, 0x10, 0x21, 0x21, 0x22, 0x21, 0x12, 0x21, 0x21, 0x21, 
  /*09D0:*/ 0x22, 0x31, 0x21, 0x22, 0x22, 0x21, 0x22, 0x21, 0x21, 0x12, 0x23, 0x13, 0x21, 0x23, 0x21, 0x22, 
  /*09E0:*/ 0x32, 0x21, 0x22, 0x22, 0x31, 0x22, 0x12, 0x22, 0x21, 0x11, 0x21, 0x21, 0x23, 0x12, 0x08, 0x8B, 
  /*09F0:*/ 0xBB, 0xEF, 0xFF, 0xFF, 0xFF, 0xFF, 0xFF, 0xFF, 0xFF, 0xFF, 0xFF, 0xFF, 0xFF, 0xFF, 0xFF, 0xFF, 
  /*0A00:*/ 0xFF, 0xFF, 0xFF, 0xFF, 0xFF, 0xFF, 0xFF, 0xFF, 0xFF, 0xFF, 0xFF, 0xFF, 0xFF, 0xFF, 0xFF, 0xFF, 
  /*0A10:*/ 0xFF, 0xFF, 0xFF, 0xFF, 0xFE, 0x9B, 0xB8, 0x13, 0x23, 0x22, 0x11, 0x01, 0x01, 0x00, 0x10, 0x12, 
  /*0A20:*/ 0x12, 0x21, 0x22, 0x20, 0x21, 0x20, 0x22, 0x22, 0x22, 0x22, 0x22, 0x21, 0x12, 0x12, 0x10, 0x21, 
  /*0A30:*/ 0x02, 0x01, 0x00, 0x10, 0x00, 0x10, 0x01, 0x00, 0x20, 0x10, 0x02, 0x01, 0x00, 0x02, 0x02, 0x02, 
  /*0A40:*/ 0x01, 0x00, 0x01, 0x02, 0x02, 0x02, 0x00, 0x21, 0x00, 0x20, 0x20, 0x10, 0x02, 0x01, 0x02, 0x20, 
  /*0A50:*/ 0x22, 0x02, 0x22, 0x22, 0x22, 0x22, 0x23, 0x22, 0x22, 0x22, 0x12, 0x02, 0x02, 0x12, 0x23, 0x21, 
  /*0A60:*/ 0x21, 0x32, 0x21, 0x44, 0x44, 0x44, 0x44, 0x44, 0x44, 0x44, 0x44, 0x43, 0x12, 0x21, 0x23, 0xB8, 
  /*0A70:*/ 0xBB, 0xEE, 0xFF, 0xFF, 0xFF, 0xFF, 0xFF, 0xFF, 0xFF, 0xFF, 0xFF, 0xFF, 0xFF, 0xFF, 0xFF, 0xFF, 
  /*0A80:*/ 0xFF, 0xFF, 0xFF, 0xFF, 0xFF, 0xFF, 0xFF, 0xFF, 0xFF, 0xFF, 0xFF, 0xFF, 0xFF, 0xFF, 0xFF, 0xFF, 
  /*0A90:*/ 0xFF, 0xFF, 0xFF, 0xFF, 0xFE, 0xBB, 0x83, 0x33, 0x22, 0x32, 0x21, 0x00, 0x00, 0x10, 0x00, 0x20, 
  /*0AA0:*/ 0x00, 0x00, 0x01, 0x02, 0x00, 0x01, 0x00, 0x01, 0x01, 0x00, 0x00, 0x00, 0x00, 0x00, 0x00, 0x00, 
  /*0AB0:*/ 0x00, 0x00, 0x00, 0x00, 0x00, 0x00, 0x00, 0x00, 0x00, 0x00, 0x00, 0x00, 0x00, 0x00, 0x00, 0x00, 
  /*0AC0:*/ 0x10, 0x00, 0x00, 0x20, 0x00, 0x10, 0x00, 0x00, 0x00, 0x02, 0x00, 0x00, 0x20, 0x00, 0x00, 0x10, 
  /*0AD0:*/ 0x20, 0x20, 0x20, 0x22, 0x10, 0x10, 0x20, 0x22, 0x12, 0x02, 0x00, 0x10, 0x12, 0x22, 0x33, 0x21, 
  /*0AE0:*/ 0x32, 0x21, 0x23, 0x12, 0x22, 0x22, 0x21, 0x23, 0x22, 0x22, 0x32, 0x22, 0x22, 0x12, 0x30, 0x8B, 
  /*0AF0:*/ 0xB8, 0xFF, 0xFF, 0xFF, 0xFF, 0xFF, 0xFF, 0xFF, 0xFF, 0xFF, 0xFF, 0xFF, 0xFF, 0xFF, 0xFF, 0xFF, 
  /*0B00:*/ 0xFF, 0xFF, 0xFF, 0xFF, 0xFF, 0xFF, 0xFF, 0xFF, 0xFF, 0xFF, 0xFF, 0xFF, 0xFF, 0xFF, 0xFF, 0xFF, 
  /*0B10:*/ 0xFF, 0xFF, 0xFF, 0xFF, 0xFE, 0xB8, 0xE3, 0x23, 0x21, 0x42, 0x22, 0x21, 0x01, 0x00, 0x10, 0x00, 
  /*0B20:*/ 0x00, 0x01, 0x00, 0x00, 0x00, 0x00, 0x00, 0x00, 0x00, 0x00, 0x00, 0x00, 0x00, 0x00, 0x00, 0x00, 
  /*0B30:*/ 0x00, 0x00, 0x00, 0x00, 0x00, 0x00, 0x00, 0x00, 0x00, 0x00, 0x00, 0x00, 0x00, 0x00, 0x00, 0x00, 
  /*0B40:*/ 0x00, 0x00, 0x00, 0x00, 0x00, 0x00, 0x00, 0x00, 0x00, 0x00, 0x00, 0x00, 0x00, 0x00, 0x00, 0x00, 
  /*0B50:*/ 0x00, 0x00, 0x00, 0x00, 0x00, 0x00, 0x00, 0x00, 0x00, 0x10, 0x01, 0x02, 0x02, 0x13, 0x24, 0x22, 
  /*0B60:*/ 0x12, 0x31, 0x22, 0x21, 0x21, 0x21, 0x22, 0x12, 0x11, 0x22, 0x22, 0x22, 0x21, 0x21, 0x22, 0x68, 
  /*0B70:*/ 0xBB, 0xEF, 0xFF, 0xFF, 0xFF, 0xFF, 0xFF, 0xFF, 0xFF, 0xFF, 0xFF, 0xFF, 0xFF, 0xFF, 0xFF, 0xFF, 
  /*0B80:*/ 0xFF, 0xFF, 0xFF, 0xFF, 0xFF, 0xFF, 0xFF, 0xFF, 0xFF, 0xFF, 0xFF, 0xFF, 0xFF, 0xFF, 0xFF, 0xFF, 
  /*0B90:*/ 0xFF, 0xFF, 0xFF, 0xFF, 0xFE, 0xBB, 0x82, 0x32, 0x32, 0x22, 0x31, 0x22, 0x00, 0x00, 0x00, 0x00, 
  /*0BA0:*/ 0x00, 0x00, 0x00, 0x00, 0x00, 0x00, 0x00, 0x00, 0x00, 0x00, 0x00, 0x00, 0x00, 0x00, 0x20, 0x21, 
  /*0BB0:*/ 0x22, 0x22, 0x23, 0x23, 0x24, 0x24, 0x34, 0x34, 0x43, 0x43, 0x44, 0x44, 0x44, 0x44, 0x44, 0x44, 
  /*0BC0:*/ 0x44, 0x44, 0x44, 0x44, 0x44, 0x44, 0x32, 0x42, 0x32, 0x22, 0x22, 0x22, 0x00, 0x20, 0x00, 0x00, 
  /*0BD0:*/ 0x00, 0x00, 0x00, 0x00, 0x00, 0x00, 0x00, 0x00, 0x00, 0x00, 0x00, 0x00, 0x12, 0x22, 0x42, 0x42, 
  /*0BE0:*/ 0x23, 0x12, 0x12, 0x32, 0x42, 0x32, 0x33, 0x23, 0x23, 0x23, 0x23, 0x31, 0x22, 0x32, 0x12, 0x3B, 
  /*0BF0:*/ 0xBB, 0xEE, 0xFF, 0xFF, 0xFF, 0xFF, 0xFF, 0xFF, 0xFF, 0xFF, 0xFF, 0xFF, 0xFF, 0xFF, 0xFF, 0xFF, 
  /*0C00:*/ 0xFF, 0xFF, 0xFF, 0xFF, 0xFF, 0xFF, 0xFF, 0xFF, 0xFF, 0xFF, 0xFF, 0xFF, 0xFF, 0xFF, 0xFF, 0xFF, 
  /*0C10:*/ 0xFF, 0xFF, 0xFF, 0xFF, 0xFB, 0xB8, 0xB0, 0x32, 0x12, 0x21, 0x22, 0x10, 0x00, 0x01, 0x00, 0x00, 
  /*0C20:*/ 0x00, 0x00, 0x10, 0x20, 0x12, 0x12, 0x22, 0x32, 0x42, 0x44, 0x44, 0x44, 0x44, 0x45, 0x44, 0x44, 
  /*0C30:*/ 0x44, 0x44, 0x44, 0x42, 0x42, 0x32, 0x22, 0x22, 0x22, 0x24, 0x22, 0x23, 0x23, 0x23, 0x23, 0x24, 
  /*0C40:*/ 0x24, 0x22, 0x32, 0x42, 0x42, 0x42, 0x44, 0x44, 0x44, 0x44, 0x44, 0x44, 0x44, 0x44, 0x44, 0x44, 
  /*0C50:*/ 0x44, 0x43, 0x23, 0x22, 0x22, 0x21, 0x01, 0x00, 0x00, 0x00, 0x00, 0x00, 0x00, 0x22, 0x24, 0x21, 
  /*0C60:*/ 0x12, 0x21, 0x21, 0x12, 0x11, 0x41, 0x11, 0x21, 0x12, 0x22, 0x11, 0x22, 0x11, 0x21, 0x21, 0x89, 
  /*0C70:*/ 0x8B, 0xEE, 0xFF, 0xFF, 0xFF, 0xFF, 0xFF, 0xFF, 0xFF, 0xFF, 0xFF, 0xFF, 0xFF, 0xFF, 0xFF, 0xFF, 
  /*0C80:*/ 0xFF, 0xFF, 0xFF, 0xFF, 0xFF, 0xFF, 0xFF, 0xFF, 0xFF, 0xFF, 0xFF, 0xFF, 0xFF, 0xFF, 0xFF, 0xFF, 
  /*0C90:*/ 0xFF, 0xFF, 0xFF, 0xFF, 0xFE, 0xBB, 0x80, 0x44, 0x12, 0x22, 0x12, 0x00, 0x01, 0x00, 0x02, 0x22, 
  /*0CA0:*/ 0x33, 0x34, 0x24, 0x24, 0x24, 0x24, 0x43, 0x24, 0x24, 0x22, 0x32, 0x24, 0x24, 0x23, 0x24, 0x24, 
  /*0CB0:*/ 0x24, 0x23, 0x22, 0x22, 0x22, 0x22, 0x22, 0x32, 0x22, 0x22, 0x22, 0x22, 0x22, 0x22, 0x22, 0x22, 
  /*0CC0:*/ 0x22, 0x22, 0x22, 0x22, 0x22, 0x22, 0x22, 0x22, 0x22, 0x22, 0x22, 0x23, 0x22, 0x32, 0x23, 0x22, 
  /*0CD0:*/ 0x22, 0x22, 0x22, 0x22, 0x23, 0x02, 0x22, 0x23, 0x22, 0x20, 0x00, 0x01, 0x00, 0x21, 0x23, 0x22, 
  /*0CE0:*/ 0x23, 0x12, 0x22, 0x22, 0x21, 0x44, 0x11, 0x23, 0x02, 0x12, 0x02, 0x21, 0x22, 0x12, 0x12, 0x3B, 
  /*0CF0:*/ 0xBB, 0xEE, 0xEF, 0xFF, 0xFF, 0xFF, 0xFF, 0xFF, 0xFF, 0xFF, 0xFF, 0xFF, 0xFF, 0xFF, 0xFF, 0xFF, 
  /*0D00:*/ 0xFF, 0xFF, 0xFF, 0xFF, 0xFF, 0xFF, 0xFF, 0xFF, 0xFF, 0xFF, 0xFF, 0xFF, 0xFF, 0xFF, 0xFF, 0xFF, 
  /*0D10:*/ 0xFF, 0xFF, 0xFF, 0xFF, 0xFE, 0x9B, 0x82, 0x32, 0x21, 0x21, 0x20, 0x00, 0x00, 0x02, 0x32, 0x32, 
  /*0D20:*/ 0x24, 0x22, 0x42, 0x42, 0x42, 0x42, 0x24, 0x22, 0x42, 0x42, 0x24, 0x22, 0x42, 0x32, 0x24, 0x22, 
  /*0D30:*/ 0x22, 0x42, 0x22, 0x22, 0x22, 0x21, 0x22, 0x22, 0x32, 0x22, 0x22, 0x22, 0x22, 0x22, 0x22, 0x22, 
  /*0D40:*/ 0x22, 0x23, 0x22, 0x22, 0x22, 0x22, 0x22, 0x22, 0x22, 0x22, 0x23, 0x22, 0x22, 0x22, 0x22, 0x22, 
  /*0D50:*/ 0x22, 0x22, 0x22, 0x21, 0x22, 0x12, 0x22, 0x00, 0x21, 0x22, 0x20, 0x00, 0x01, 0x01, 0x02, 0x21, 
  /*0D60:*/ 0x31, 0x21, 0x21, 0x31, 0x21, 0x14, 0x11, 0x12, 0x21, 0x21, 0x22, 0x12, 0x21, 0x21, 0x30, 0x3B, 
  /*0D70:*/ 0x8B, 0xEE, 0xEF, 0xFF, 0xFF, 0xFF, 0xFF, 0xFF, 0xFF, 0xFF, 0xFF, 0xFF, 0xFF, 0xFF, 0xFF, 0xFF, 
  /*0D80:*/ 0xFF, 0xFF, 0xFF, 0xFF, 0xFF, 0xFF, 0xFF, 0xFF, 0xFF, 0xFF, 0xFF, 0xFF, 0xFF, 0xFF, 0xFF, 0xFF, 
  /*0D90:*/ 0xFF, 0xFF, 0xFF, 0xFF, 0xFE, 0xB8, 0xB0, 0x34, 0x12, 0x01, 0x00, 0x00, 0x00, 0x13, 0x23, 0x24, 
  /*0DA0:*/ 0x22, 0x42, 0x24, 0x22, 0x32, 0x24, 0x22, 0x42, 0x22, 0x24, 0x22, 0x42, 0x22, 0x24, 0x24, 0x24, 
  /*0DB0:*/ 0x44, 0x24, 0x44, 0x44, 0x44, 0x44, 0x44, 0x44, 0x44, 0x44, 0x44, 0x44, 0x44, 0x45, 0x44, 0x44, 
  /*0DC0:*/ 0x44, 0x44, 0x44, 0x44, 0x44, 0x44, 0x44, 0x44, 0x44, 0x44, 0x42, 0x42, 0x42, 0x24, 0x22, 0x22, 
  /*0DD0:*/ 0x22, 0x22, 0x12, 0x21, 0x22, 0x22, 0x12, 0x20, 0x21, 0x21, 0x21, 0x00, 0x00, 0x00, 0x22, 0x22, 
  /*0DE0:*/ 0x12, 0x23, 0x22, 0x13, 0x14, 0x11, 0x14, 0x11, 0x10, 0x22, 0x02, 0x12, 0x12, 0x12, 0x23, 0x3B, 
  /*0DF0:*/ 0xBB, 0xEE, 0xEF, 0xFF, 0xFF, 0xFF, 0xFF, 0xFF, 0xFF, 0xFF, 0xFF, 0xFF, 0xFF, 0xFF, 0xFF, 0xFF, 
  /*0E00:*/ 0xFF, 0xFF, 0xFF, 0xFF, 0xFF, 0xFF, 0xFF, 0xFF, 0xFF, 0xFF, 0xFF, 0xFF, 0xFF, 0xFF, 0xFF, 0xFF, 
  /*0E10:*/ 0xFF, 0xFF, 0xFF, 0xFF, 0xFB, 0xB9, 0x82, 0x23, 0x21, 0x20, 0x20, 0x00, 0x03, 0x24, 0x24, 0x24, 
  /*0E20:*/ 0x24, 0x44, 0x52, 0x54, 0x54, 0x55, 0x55, 0x55, 0x55, 0x55, 0x55, 0x56, 0x56, 0x56, 0x56, 0x56, 
  /*0E30:*/ 0x56, 0x56, 0x55, 0x55, 0x55, 0x55, 0x55, 0x65, 0x55, 0x65, 0x65, 0x66, 0x65, 0x65, 0x65, 0x65, 
  /*0E40:*/ 0x65, 0x65, 0x66, 0x57, 0x65, 0x66, 0x65, 0x66, 0x56, 0x65, 0x66, 0x66, 0x66, 0x66, 0x66, 0x66, 
  /*0E50:*/ 0x65, 0x65, 0x65, 0x55, 0x55, 0x55, 0x45, 0x44, 0x22, 0x22, 0x22, 0x20, 0x00, 0x01, 0x01, 0x21, 
  /*0E60:*/ 0x22, 0x11, 0x21, 0x22, 0x11, 0x11, 0x11, 0x12, 0x22, 0x00, 0x21, 0x22, 0x12, 0x12, 0x12, 0x4B, 
  /*0E70:*/ 0x8B, 0xEE, 0xEF, 0xFF, 0xFF, 0xFF, 0xFF, 0xFF, 0xFF, 0xFF, 0xFF, 0xFF, 0xFF, 0xFF, 0xFF, 0xFF, 
  /*0E80:*/ 0xFF, 0xFF, 0xFF, 0xFF, 0xFF, 0xFF, 0xFF, 0xFF, 0xFF, 0xFF, 0xFF, 0xFF, 0xFF, 0xFF, 0xFF, 0xFF, 
  /*0E90:*/ 0xFF, 0xFF, 0xFF, 0xFF, 0xFE, 0x9B, 0x82, 0x34, 0x12, 0x00, 0x00, 0x00, 0x14, 0x24, 0x24, 0x45, 
  /*0EA0:*/ 0x77, 0x77, 0x77, 0x77, 0x77, 0x76, 0x77, 0x67, 0x77, 0x77, 0x7D, 0x77, 0x77, 0x77, 0x77, 0x77, 
  /*0EB0:*/ 0x77, 0x77, 0xD7, 0xD7, 0x7D, 0x7D, 0x77, 0x77, 0xD7, 0x77, 0x7D, 0x77, 0x77, 0xD7, 0x77, 0x7D, 
  /*0EC0:*/ 0x77, 0x77, 0x77, 0x77, 0x77, 0x77, 0x77, 0x77, 0x77, 0x77, 0x77, 0x77, 0x77, 0x77, 0x77, 0x77, 
  /*0ED0:*/ 0x77, 0x77, 0x77, 0x77, 0x77, 0x77, 0x77, 0x77, 0x75, 0x22, 0x21, 0x22, 0x00, 0x00, 0x02, 0x02, 
  /*0EE0:*/ 0x23, 0x22, 0x21, 0x22, 0x41, 0x43, 0x14, 0x24, 0x12, 0x12, 0x22, 0x30, 0x21, 0x21, 0x21, 0x3B, 
  /*0EF0:*/ 0xBB, 0xEE, 0xEF, 0xFF, 0xFF, 0xFF, 0xFF, 0xFF, 0xFF, 0xFF, 0xFF, 0xFF, 0xFF, 0xFF, 0xFF, 0xFF, 
  /*0F00:*/ 0xFF, 0xFF, 0xFF, 0xFF, 0xFF, 0xFF, 0xFF, 0xFF, 0xFF, 0xFF, 0xFF, 0xFF, 0xFF, 0xFF, 0xFF, 0xFF, 
  /*0F10:*/ 0xFF, 0xFF, 0xFF, 0xFF, 0xFE, 0xB8, 0xB0, 0x32, 0x22, 0x01, 0x00, 0x00, 0x32, 0x32, 0x45, 0x76, 
  /*0F20:*/ 0x75, 0x75, 0x77, 0x67, 0x67, 0x77, 0x77, 0x77, 0x77, 0x77, 0x77, 0x77, 0x77, 0x77, 0x7D, 0x77, 
  /*0F30:*/ 0xD7, 0xD7, 0x77, 0x7D, 0x77, 0x77, 0xD7, 0xD7, 0x7D, 0x7D, 0x7D, 0x77, 0xD7, 0x77, 0xD7, 0xD7, 
  /*0F40:*/ 0x7D, 0x7D, 0x7D, 0x7D, 0x7D, 0x7D, 0x77, 0xD7, 0x77, 0x77, 0xD7, 0x77, 0x77, 0x77, 0x77, 0x77, 
  /*0F50:*/ 0x77, 0x77, 0x77, 0x77, 0x77, 0x77, 0x77, 0x77, 0x77, 0x62, 0x22, 0x22, 0x10, 0x00, 0x20, 0x21, 
  /*0F60:*/ 0x21, 0x21, 0x22, 0x31, 0x21, 0x11, 0x12, 0x12, 0x22, 0x21, 0x21, 0x21, 0x21, 0x21, 0x23, 0x3B, 
  /*0F70:*/ 0x8B, 0xEE, 0xEF, 0xFF, 0xFF, 0xFF, 0xFF, 0xFF, 0xFF, 0xFF, 0xFF, 0xFF, 0xFF, 0xFF, 0xFF, 0xFF, 
  /*0F80:*/ 0xFF, 0xFF, 0xFF, 0xFF, 0xFF, 0xFF, 0xFF, 0xFF, 0xFF, 0xFF, 0xFF, 0xFF, 0xFF, 0xFF, 0xFF, 0xFF, 
  /*0F90:*/ 0xFF, 0xFF, 0xFF, 0xFF, 0xFE, 0xB9, 0x82, 0x34, 0x12, 0x00, 0x01, 0x01, 0x24, 0x24, 0x46, 0x75, 
  /*0FA0:*/ 0x77, 0x77, 0x77, 0x77, 0x77, 0x77, 0x77, 0x77, 0x77, 0x77, 0x77, 0x77, 0x77, 0x7D, 0x77, 0x7D, 
  /*0FB0:*/ 0x77, 0x77, 0x7D, 0x77, 0x7D, 0x77, 0xD7, 0x7D, 0x7D, 0x7D, 0x77, 0xD7, 0x77, 0xD7, 0x77, 0x7D, 
  /*0FC0:*/ 0x7D, 0x7D, 0x7D, 0x7D, 0x77, 0x77, 0xD7, 0x77, 0x7D, 0x77, 0x77, 0x7D, 0x77, 0xD7, 0x7D, 0x77, 
  /*0FD0:*/ 0xD7, 0xD7, 0x77, 0x77, 0x77, 0x77, 0x77, 0x77, 0x67, 0x76, 0x22, 0x22, 0x20, 0x01, 0x00, 0x12, 
  /*0FE0:*/ 0x21, 0x32, 0x11, 0x21, 0x22, 0x11, 0x22, 0x41, 0x01, 0x21, 0x21, 0x21, 0x22, 0x12, 0x12, 0x4B, 
  /*0FF0:*/ 0xBB, 0xEE, 0xEF, 0xFF, 0xFF, 0xFF, 0xFF, 0xFF, 0xFF, 0xFF, 0xFF, 0xFF, 0xFF, 0xFF, 0xFF, 0xFF, 
  /*1000:*/ 0xFF, 0xFF, 0xFF, 0xFF, 0xFF, 0xFF, 0xFF, 0xFF, 0xFF, 0xFF, 0xFF, 0xFF, 0xFF, 0xFF, 0xFF, 0xFF, 
  /*1010:*/ 0xFF, 0xFF, 0xFF, 0xFF, 0xFE, 0x8B, 0x61, 0x32, 0x21, 0x20, 0x00, 0x02, 0x32, 0x24, 0x57, 0x57, 
  /*1020:*/ 0x76, 0x77, 0x76, 0x77, 0x76, 0x77, 0x77, 0x77, 0x77, 0x77, 0x77, 0x77, 0x77, 0x77, 0x7D, 0x77, 
  /*1030:*/ 0x77, 0xD7, 0x77, 0x77, 0x77, 0x7D, 0x77, 0xD7, 0xD7, 0x7D, 0x7D, 0x7D, 0x7D, 0x77, 0xD7, 0xD7, 
  /*1040:*/ 0x7D, 0x7D, 0x7D, 0x77, 0xD7, 0xD7, 0x77, 0x7D, 0x77, 0x7D, 0x77, 0xD7, 0x77, 0x77, 0x77, 0x77, 
  /*1050:*/ 0x77, 0x77, 0xD7, 0x77, 0x77, 0x77, 0x77, 0x77, 0x77, 0x77, 0x50, 0x22, 0x10, 0x00, 0x01, 0x02, 
  /*1060:*/ 0x32, 0x12, 0x12, 0x22, 0x31, 0x12, 0x21, 0x22, 0x02, 0x22, 0x10, 0x22, 0x12, 0x21, 0x31, 0x3B, 
  /*1070:*/ 0x8B, 0xEE, 0xEF, 0xFF, 0xFF, 0xFF, 0xFF, 0xFF, 0xFF, 0xFF, 0xFF, 0xFF, 0xFF, 0xFF, 0xFF, 0xFF, 
  /*1080:*/ 0xFF, 0xFF, 0xFF, 0xFF, 0xFF, 0xFF, 0xFF, 0xFF, 0xFF, 0xFF, 0xFF, 0xFF, 0xFF, 0xFF, 0xFF, 0xFF, 
  /*1090:*/ 0xFF, 0xFF, 0xFF, 0xFF, 0xFE, 0xB9, 0xB1, 0x23, 0x21, 0x00, 0x10, 0x03, 0x24, 0x25, 0x67, 0x77, 
  /*10A0:*/ 0x77, 0x77, 0x77, 0x77, 0x77, 0x77, 0x77, 0x77, 0x77, 0x77, 0x77, 0x77, 0x7D, 0x7D, 0x77, 0x77, 
  /*10B0:*/ 0xD7, 0x77, 0x77, 0xD7, 0x7D, 0x77, 0x7D, 0x77, 0x7D, 0x7D, 0x7D, 0x77, 0x77, 0xD7, 0x7D, 0x7D, 
  /*10C0:*/ 0x7D, 0x77, 0xD7, 0x7D, 0x77, 0x77, 0xD7, 0xD7, 0x7D, 0x77, 0xD7, 0x77, 0xD7, 0xD7, 0xD7, 0x7D, 
  /*10D0:*/ 0x77, 0x77, 0x77, 0xD7, 0x77, 0x77, 0x77, 0x77, 0x77, 0x77, 0x62, 0x22, 0x30, 0x00, 0x00, 0x22, 
  /*10E0:*/ 0x21, 0x21, 0x22, 0x12, 0x12, 0x11, 0x32, 0x12, 0x10, 0x12, 0x22, 0x12, 0x12, 0x12, 0x12, 0x3B, 
  /*10F0:*/ 0xBB, 0xEE, 0xEF, 0xFF, 0xFF, 0xFF, 0xFF, 0xFF, 0xFF, 0xFF, 0xFF, 0xFF, 0xFF, 0xFF, 0xFF, 0xFF, 
  /*1100:*/ 0xFF, 0xFF, 0xFF, 0xFF, 0xFF, 0xFF, 0xFF, 0xFF, 0xFF, 0xFF, 0xFF, 0xFF, 0xFF, 0xFF, 0xFF, 0xFF, 
  /*1110:*/ 0xFF, 0xFF, 0xFF, 0xFF, 0xFE, 0xB8, 0x82, 0x33, 0x22, 0x01, 0x00, 0x04, 0x24, 0x25, 0x67, 0x67, 
  /*1120:*/ 0x67, 0x77, 0x77, 0x77, 0x77, 0x77, 0x77, 0x77, 0x77, 0x77, 0x77, 0x7D, 0x77, 0x77, 0x77, 0x77, 
  /*1130:*/ 0x77, 0x77, 0xD7, 0x77, 0x77, 0x7D, 0x77, 0xD7, 0xD7, 0xD7, 0xD7, 0xD7, 0xD7, 0x7D, 0x7D, 0x7D, 
  /*1140:*/ 0x7D, 0x7D, 0x77, 0xD7, 0x7D, 0x7D, 0x77, 0x7D, 0x77, 0xD7, 0x7D, 0x7D, 0x77, 0x77, 0x7D, 0x77, 
  /*1150:*/ 0x7D, 0x77, 0xD7, 0x77, 0xD7, 0x77, 0x77, 0x77, 0x77, 0x77, 0x62, 0x22, 0x20, 0x00, 0x10, 0x12, 
  /*1160:*/ 0x12, 0x32, 0x12, 0x21, 0x22, 0x22, 0x12, 0x12, 0x12, 0x01, 0x02, 0x12, 0x12, 0x12, 0x13, 0x3B, 
  /*1170:*/ 0x8B, 0xEE, 0xEF, 0xFF, 0xFF, 0xFF, 0xFF, 0xFF, 0xFF, 0xFF, 0xFF, 0xFF, 0xFF, 0xFF, 0xFF, 0xFF, 
  /*1180:*/ 0xFF, 0xFF, 0xFF, 0xFF, 0xFF, 0xFF, 0xFF, 0xFF, 0xFF, 0xFF, 0xFF, 0xFF, 0xFF, 0xFF, 0xFF, 0xFF, 
  /*1190:*/ 0xFF, 0xFF, 0xFF, 0xFF, 0xFE, 0x9B, 0x61, 0x32, 0x21, 0x00, 0x00, 0x04, 0x22, 0x45, 0x67, 0x77, 
  /*11A0:*/ 0x77, 0x77, 0x77, 0x76, 0x77, 0x77, 0x77, 0x77, 0x77, 0x77, 0x7D, 0x77, 0x7D, 0x77, 0x7D, 0x77, 
  /*11B0:*/ 0x77, 0x77, 0x77, 0x7D, 0x77, 0x77, 0xD7, 0x7D, 0x7D, 0x7D, 0x77, 0xD7, 0x7D, 0x7D, 0x7D, 0x7D, 
  /*11C0:*/ 0x7D, 0x7D, 0x7D, 0x77, 0xD7, 0x77, 0xD7, 0xD7, 0xD7, 0xD7, 0xD7, 0x7D, 0x7D, 0x7D, 0x77, 0x7D, 
  /*11D0:*/ 0x77, 0xD7, 0x77, 0x7D, 0x77, 0xD7, 0x77, 0x77, 0x77, 0x77, 0x62, 0x22, 0x21, 0x00, 0x00, 0x02, 
  /*11E0:*/ 0x21, 0x21, 0x22, 0x32, 0x31, 0x32, 0x22, 0x42, 0x10, 0x01, 0x03, 0x22, 0x12, 0x21, 0x21, 0x4B, 
  /*11F0:*/ 0xBB, 0xEE, 0xEF, 0xFF, 0xFF, 0xFF, 0xFF, 0xFF, 0xFF, 0xFF, 0xFF, 0xFF, 0xFF, 0xFF, 0xFF, 0xFF, 
  /*1200:*/ 0xFF, 0xFF, 0xFF, 0xFF, 0xFF, 0xFF, 0xFF, 0xFF, 0xFF, 0xFF, 0xFF, 0xFF, 0xFF, 0xFF, 0xFF, 0xFF, 
  /*1210:*/ 0xFF, 0xFF, 0xFF, 0xFF, 0xFE, 0xB8, 0xB2, 0x23, 0x21, 0x00, 0x00, 0x21, 0x41, 0x25, 0x67, 0x67, 
  /*1220:*/ 0x77, 0x76, 0x77, 0x77, 0x77, 0x77, 0x77, 0x77, 0x77, 0x77, 0x77, 0x7D, 0x77, 0x77, 0x77, 0x77, 
  /*1230:*/ 0xD7, 0x7D, 0x77, 0x77, 0x7D, 0x7D, 0x7D, 0x77, 0xD7, 0xD7, 0xD7, 0xD7, 0xD7, 0xD7, 0xD7, 0xD7, 
  /*1240:*/ 0xD7, 0xD7, 0x77, 0xD7, 0x7D, 0x7D, 0x7D, 0x77, 0xD7, 0x7D, 0x7D, 0x77, 0x77, 0xD7, 0x7D, 0x77, 
  /*1250:*/ 0x77, 0x77, 0xD7, 0x77, 0x77, 0x7D, 0x77, 0x77, 0x77, 0x77, 0x72, 0x22, 0x20, 0x00, 0x00, 0x12, 
  /*1260:*/ 0x22, 0x12, 0x12, 0x12, 0x12, 0x11, 0x21, 0x21, 0x02, 0x22, 0x22, 0x12, 0x12, 0x12, 0x12, 0x3B, 
  /*1270:*/ 0x8B, 0xEE, 0xEF, 0xFF, 0xFF, 0xFF, 0xFF, 0xFF, 0xFF, 0xFF, 0xFF, 0xFF, 0xFF, 0xFF, 0xFF, 0xFF, 
  /*1280:*/ 0xFF, 0xFF, 0xFF, 0xFF, 0xFF, 0xFF, 0xFF, 0xFF, 0xFF, 0xFF, 0xFF, 0xFF, 0xFF, 0xFF, 0xFF, 0xFF, 
  /*1290:*/ 0xFF, 0xFF, 0xFF, 0xFF, 0xFE, 0xB9, 0x82, 0x33, 0x20, 0x20, 0x00, 0x23, 0x24, 0x25, 0x76, 0x77, 
  /*12A0:*/ 0x67, 0x77, 0x77, 0x77, 0x77, 0x77, 0x77, 0x77, 0x77, 0x77, 0xD7, 0x77, 0x77, 0x77, 0x77, 0x77, 
  /*12B0:*/ 0x77, 0x77, 0x7D, 0x77, 0x77, 0x77, 0x7D, 0x7D, 0x7D, 0x7D, 0x7D, 0x77, 0xD7, 0x7D, 0x7D, 0x7D, 
  /*12C0:*/ 0x7D, 0x7D, 0x7D, 0x77, 0xD7, 0xD7, 0x7D, 0x7D, 0x7D, 0x77, 0xD7, 0x7D, 0x7D, 0x77, 0x77, 0x7D, 
  /*12D0:*/ 0x7D, 0x7D, 0x77, 0xD7, 0xD7, 0x77, 0x7D, 0x77, 0x77, 0x77, 0x62, 0x22, 0x22, 0x00, 0x00, 0x02, 
  /*12E0:*/ 0x12, 0x32, 0x22, 0x12, 0x12, 0x12, 0x13, 0x22, 0x12, 0x21, 0x21, 0x22, 0x12, 0x13, 0x21, 0x88, 
  /*12F0:*/ 0xBB, 0xEE, 0xEF, 0xFF, 0xFF, 0xFF, 0xFF, 0xFF, 0xFF, 0xFF, 0xFF, 0xFF, 0xFF, 0xFF, 0xFF, 0xFF, 
  /*1300:*/ 0xFF, 0xFF, 0xFF, 0xFF, 0xFF, 0xFF, 0xFF, 0xFF, 0xFF, 0xFF, 0xFF, 0xFF, 0xFF, 0xFF, 0xFF, 0xFF, 
  /*1310:*/ 0xFF, 0xFF, 0xFF, 0xFF, 0xFE, 0x8B, 0xB0, 0x32, 0x11, 0x00, 0x00, 0x12, 0x42, 0x45, 0x67, 0x67, 
  /*1320:*/ 0x77, 0x77, 0x76, 0x77, 0x76, 0x77, 0x77, 0x76, 0x77, 0x77, 0x77, 0x77, 0x77, 0x77, 0xD7, 0x77, 
  /*1330:*/ 0xD7, 0x7D, 0x77, 0xD7, 0xD7, 0xD7, 0xD7, 0x7D, 0x7D, 0x7D, 0x7D, 0x7D, 0x7D, 0x7D, 0x7D, 0x7D, 
  /*1340:*/ 0x7D, 0x77, 0x77, 0xD7, 0x7D, 0x7D, 0x7D, 0x77, 0xD7, 0xD7, 0x7D, 0x77, 0xD7, 0x7D, 0x7D, 0x77, 
  /*1350:*/ 0x77, 0x77, 0x7D, 0x77, 0x77, 0xD7, 0x77, 0x77, 0x77, 0x77, 0x72, 0x22, 0x20, 0x00, 0x01, 0x02, 
  /*1360:*/ 0x21, 0x12, 0x12, 0x12, 0x32, 0x12, 0x12, 0x12, 0x02, 0x12, 0x21, 0x21, 0x02, 0x10, 0x10, 0x3B, 
  /*1370:*/ 0xBB, 0xEE, 0xEF, 0xFF, 0xFF, 0xFF, 0xFF, 0xFF, 0xFF, 0xFF, 0xFF, 0xFF, 0xFF, 0xFF, 0xFF, 0xFF, 
  /*1380:*/ 0xFF, 0xFF, 0xFF, 0xFF, 0xFF, 0xFF, 0xFF, 0xFF, 0xFF, 0xFF, 0xFF, 0xFF, 0xFF, 0xFF, 0xFF, 0xFF, 
  /*1390:*/ 0xFF, 0xFF, 0xFF, 0xFF, 0xFE, 0xB9, 0x82, 0x34, 0x20, 0x10, 0x00, 0x23, 0x22, 0x26, 0x67, 0x77, 
  /*13A0:*/ 0x77, 0x76, 0x77, 0x77, 0x77, 0x77, 0x77, 0x77, 0x77, 0x7D, 0x7D, 0x77, 0x77, 0x77, 0x77, 0x7D, 
  /*13B0:*/ 0x77, 0xD7, 0x77, 0x77, 0x7D, 0x77, 0x7D, 0x77, 0xD7, 0xD7, 0xD7, 0xD7, 0x7D, 0x7D, 0x7D, 0x7D, 
  /*13C0:*/ 0x77, 0xD7, 0xD7, 0xD7, 0xD7, 0x7D, 0x77, 0xD7, 0xD7, 0x7D, 0x77, 0xD7, 0x77, 0x77, 0x77, 0x7D, 
  /*13D0:*/ 0x7D, 0x77, 0xD7, 0x77, 0xD7, 0x77, 0xD7, 0x77, 0x77, 0x77, 0x72, 0x20, 0x22, 0x00, 0x00, 0x02, 
  /*13E0:*/ 0x12, 0x21, 0x21, 0x22, 0x12, 0x11, 0x22, 0x21, 0x20, 0x22, 0x12, 0x22, 0x22, 0x12, 0x22, 0x4B, 
  /*13F0:*/ 0x8B, 0xEE, 0xFF, 0xFF, 0xFF, 0xFF, 0xFF, 0xFF, 0xFF, 0xFF, 0xFF, 0xFF, 0xFF, 0xFF, 0xFF, 0xFF, 
  /*1400:*/ 0xFF, 0xFF, 0xFF, 0xFF, 0xFF, 0xFF, 0xFF, 0xFF, 0xFF, 0xFF, 0xFF, 0xFF, 0xFF, 0xFF, 0xFF, 0xFF, 
  /*1410:*/ 0xFF, 0xFF, 0xFF, 0xFF, 0xFE, 0xBB, 0xB0, 0x23, 0x20, 0x20, 0x00, 0x22, 0x42, 0x45, 0x76, 0x76, 
  /*1420:*/ 0x77, 0x77, 0x77, 0x77, 0x67, 0x77, 0x76, 0x77, 0x77, 0x77, 0x77, 0x77, 0x77, 0xB7, 0x77, 0x77, 
  /*1430:*/ 0x7D, 0x77, 0xD7, 0xB7, 0xD7, 0x7B, 0x7D, 0x7D, 0x7D, 0x7D, 0x7D, 0x77, 0xD7, 0x7D, 0x7D, 0x7D, 
  /*1440:*/ 0x7D, 0x7D, 0x7D, 0x77, 0xD7, 0xD7, 0xD7, 0xD7, 0x7D, 0x77, 0x7D, 0x77, 0xD7, 0xD7, 0xD7, 0x77, 
  /*1450:*/ 0x77, 0xD7, 0x77, 0xD7, 0x77, 0xD7, 0x77, 0x77, 0x77, 0x77, 0x72, 0x20, 0x20, 0x00, 0x01, 0x02, 
  /*1460:*/ 0x23, 0x21, 0x22, 0x12, 0x12, 0x22, 0x12, 0x12, 0x01, 0x01, 0x02, 0x12, 0x12, 0x21, 0x23, 0x3B, 
  /*1470:*/ 0xBB, 0xEE, 0xFF, 0xFF, 0xFF, 0xFF, 0xFF, 0xFF, 0xFF, 0xFF, 0xFF, 0xFF, 0xFF, 0xFF, 0xFF, 0xFF, 
  /*1480:*/ 0xFF, 0xFF, 0xFF, 0xFF, 0xFF, 0xFF, 0xFF, 0xFF, 0xFF, 0xFF, 0xFF, 0xFF, 0xFF, 0xFF, 0xFF, 0xFF, 
  /*1490:*/ 0xFF, 0xFF, 0xFF, 0xFF, 0xFE, 0x8B, 0x82, 0x32, 0x11, 0x00, 0x00, 0x14, 0x22, 0x44, 0x55, 0x66, 
  /*14A0:*/ 0x66, 0x66, 0x66, 0x56, 0x65, 0x66, 0x66, 0x77, 0x7B, 0x7B, 0x67, 0x66, 0x76, 0x67, 0x67, 0x77, 
  /*14B0:*/ 0x77, 0x77, 0x77, 0x7B, 0x7B, 0x7D, 0x7D, 0x77, 0x77, 0xD7, 0x77, 0xD7, 0x7D, 0x7D, 0x77, 0xD7, 
  /*14C0:*/ 0x77, 0x77, 0x77, 0x7D, 0x77, 0x77, 0x77, 0x7D, 0x77, 0xD7, 0xD7, 0x77, 0x77, 0x77, 0x77, 0x76, 
  /*14D0:*/ 0xB6, 0x69, 0x66, 0x86, 0x86, 0x86, 0x86, 0x84, 0x88, 0x38, 0x62, 0x00, 0x22, 0x00, 0x00, 0x01, 
  /*14E0:*/ 0x21, 0x22, 0x12, 0x32, 0x32, 0x32, 0x32, 0x23, 0x02, 0x00, 0x21, 0x22, 0x11, 0x22, 0x11, 0x3B, 
  /*14F0:*/ 0x8B, 0xEE, 0xFF, 0xFF, 0xFF, 0xFF, 0xFF, 0xFF, 0xFF, 0xFF, 0xFF, 0xFF, 0xFF, 0xFF, 0xFF, 0xFF, 
  /*1500:*/ 0xFF, 0xFF, 0xFF, 0xFF, 0xFF, 0xFF, 0xFF, 0xFF, 0xFF, 0xFF, 0xFF, 0xFF, 0xFF, 0xFF, 0xFF, 0xFF, 
  /*1510:*/ 0xFF, 0xFF, 0xFF, 0xFF, 0xFF, 0xB9, 0xB0, 0x33, 0x22, 0x00, 0x00, 0x22, 0x42, 0x44, 0x38, 0x36, 
  /*1520:*/ 0x63, 0x66, 0x63, 0x22, 0x22, 0x22, 0x22, 0x68, 0x88, 0x88, 0x88, 0x63, 0x63, 0x63, 0x63, 0x68, 
  /*1530:*/ 0x95, 0x99, 0x95, 0xBE, 0xBB, 0xEB, 0xBE, 0x65, 0x55, 0x55, 0x55, 0x56, 0x66, 0x66, 0x66, 0x66, 
  /*1540:*/ 0xAA, 0x9A, 0x5A, 0x88, 0x88, 0x88, 0x88, 0x8B, 0xBB, 0xBB, 0xBD, 0x55, 0x55, 0x55, 0x55, 0xA8, 
  /*1550:*/ 0x88, 0x88, 0x88, 0x88, 0x88, 0x88, 0x88, 0x88, 0x38, 0x83, 0x52, 0x20, 0x22, 0x00, 0x00, 0x10, 
  /*1560:*/ 0x23, 0x12, 0x22, 0x12, 0x12, 0x12, 0x12, 0x12, 0x12, 0x23, 0x22, 0x21, 0x02, 0x12, 0x12, 0x3B, 
  /*1570:*/ 0xBB, 0xEE, 0xFF, 0xFF, 0xFF, 0xFF, 0xFF, 0xFF, 0xFF, 0xFF, 0xFF, 0xFF, 0xFF, 0xFF, 0xFF, 0xFF, 
  /*1580:*/ 0xFF, 0xFF, 0xFF, 0xFF, 0xFF, 0xFF, 0xFF, 0xFF, 0xFF, 0xFF, 0xFF, 0xFF, 0xFF, 0xFF, 0xFF, 0xFF, 
  /*1590:*/ 0xFF, 0xFF, 0xFF, 0xFF, 0xFE, 0x9B, 0x82, 0x23, 0x20, 0x10, 0x00, 0x23, 0x21, 0x44, 0x83, 0x83, 
  /*15A0:*/ 0x63, 0x63, 0x63, 0x30, 0x22, 0x02, 0x23, 0x88, 0x88, 0x88, 0x88, 0x33, 0x33, 0x33, 0x33, 0x69, 
  /*15B0:*/ 0x5A, 0xA9, 0xA5, 0xAE, 0xEE, 0xEE, 0xEE, 0x75, 0x55, 0x55, 0x55, 0x56, 0x33, 0x33, 0x36, 0x39, 
  /*15C0:*/ 0x95, 0xAA, 0xA9, 0x88, 0x88, 0x88, 0x88, 0x8B, 0xBB, 0xBB, 0x9D, 0xA5, 0x55, 0x55, 0x55, 0xA8, 
  /*15D0:*/ 0x88, 0x88, 0x88, 0x88, 0x88, 0x88, 0x88, 0x38, 0x88, 0x83, 0x81, 0x21, 0x21, 0x00, 0x00, 0x01, 
  /*15E0:*/ 0x21, 0x21, 0x21, 0x22, 0x12, 0x12, 0x12, 0x22, 0x01, 0x21, 0x21, 0x22, 0x12, 0x13, 0x21, 0x88, 
  /*15F0:*/ 0xBB, 0xEE, 0xFF, 0xFF, 0xFF, 0xFF, 0xFF, 0xFF, 0xFF, 0xFF, 0xFF, 0xFF, 0xFF, 0xFF, 0xFF, 0xFF, 
  /*1600:*/ 0xFF, 0xFF, 0xFF, 0xFF, 0xFF, 0xFF, 0xFF, 0xFF, 0xFF, 0xFF, 0xFF, 0xFF, 0xFF, 0xFF, 0xFF, 0xFF, 
  /*1610:*/ 0xFF, 0xFF, 0xFF, 0xFF, 0xFE, 0xB8, 0xB0, 0x33, 0x21, 0x00, 0x01, 0x21, 0x42, 0x44, 0x83, 0x88, 
  /*1620:*/ 0x38, 0x38, 0x83, 0x22, 0x02, 0x02, 0x03, 0x88, 0x88, 0x88, 0x88, 0x33, 0x33, 0x33, 0x36, 0x49, 
  /*1630:*/ 0xAA, 0xA9, 0xA8, 0xAE, 0xEE, 0xBE, 0xEB, 0x55, 0x55, 0x55, 0x55, 0x56, 0x63, 0x83, 0x83, 0x68, 
  /*1640:*/ 0xAA, 0xAA, 0xA9, 0x88, 0x88, 0x88, 0x88, 0x89, 0xB9, 0xB9, 0xBC, 0x55, 0x55, 0x55, 0x5A, 0x98, 
  /*1650:*/ 0x88, 0x88, 0x88, 0x88, 0x88, 0x88, 0x88, 0x88, 0x88, 0x88, 0x82, 0x02, 0x12, 0x00, 0x01, 0x02, 
  /*1660:*/ 0x12, 0x21, 0x21, 0x23, 0x11, 0x12, 0x13, 0x12, 0x12, 0x22, 0x02, 0x12, 0x21, 0x22, 0x10, 0x3B, 
  /*1670:*/ 0x8B, 0xEE, 0xFF, 0xFF, 0xFF, 0xFF, 0xFF, 0xFF, 0xFF, 0xFF, 0xFF, 0xFF, 0xFF, 0xFF, 0xFF, 0xFF, 
  /*1680:*/ 0xFF, 0xFF, 0xFF, 0xFF, 0xFF, 0xFF, 0xFF, 0xFF, 0xFF, 0xFF, 0xFF, 0xFF, 0xFF, 0xFF, 0xFF, 0xFF, 
  /*1690:*/ 0xFF, 0xFF, 0xFF, 0xFF, 0xFE, 0xBB, 0x82, 0x32, 0x10, 0x20, 0x00, 0x23, 0x23, 0x18, 0x38, 0x83, 
  /*16A0:*/ 0x83, 0x86, 0x36, 0x22, 0x02, 0x02, 0x03, 0xB8, 0x88, 0x88, 0x88, 0x83, 0x33, 0x33, 0x33, 0x69, 
  /*16B0:*/ 0x9A, 0xA9, 0xA9, 0xAE, 0xBE, 0xEB, 0xEE, 0xA5, 0x55, 0x55, 0x55, 0x56, 0x33, 0x33, 0x38, 0x68, 
  /*16C0:*/ 0x5A, 0xA9, 0xA9, 0x88, 0x88, 0x88, 0x88, 0x89, 0xBB, 0xBB, 0xBA, 0xA5, 0x55, 0x55, 0x5A, 0x88, 
  /*16D0:*/ 0x88, 0x88, 0x88, 0x88, 0x88, 0x88, 0x88, 0x38, 0x88, 0x83, 0x82, 0x21, 0x02, 0x00, 0x00, 0x02, 
  /*16E0:*/ 0x12, 0x31, 0x22, 0x21, 0x22, 0x12, 0x12, 0x21, 0x20, 0x21, 0x21, 0x21, 0x21, 0x12, 0x12, 0x3B, 
  /*16F0:*/ 0xBB, 0xEE, 0xFF, 0xFF, 0xFF, 0xFF, 0xFF, 0xFF, 0xFF, 0xFF, 0xFF, 0xFF, 0xFF, 0xFF, 0xFF, 0xFF, 
  /*1700:*/ 0xFF, 0xFF, 0xFF, 0xFF, 0xFF, 0xFF, 0xFF, 0xFF, 0xFF, 0xFF, 0xFF, 0xFF, 0xFF, 0xFF, 0xFF, 0xFF, 
  /*1710:*/ 0xFF, 0xFF, 0xFF, 0xFF, 0xFE, 0x8B, 0xB0, 0x32, 0x30, 0x00, 0x00, 0x23, 0x22, 0x44, 0x81, 0x88, 
  /*1720:*/ 0x38, 0x38, 0x83, 0x30, 0x20, 0x20, 0x22, 0x88, 0x88, 0x88, 0x88, 0x33, 0x33, 0x33, 0x36, 0x49, 
  /*1730:*/ 0x9A, 0xAA, 0x99, 0xAC, 0xEB, 0xEE, 0xEB, 0x55, 0x55, 0x55, 0x55, 0x56, 0x63, 0x83, 0x63, 0x68, 
  /*1740:*/ 0xAA, 0xA9, 0xA9, 0x88, 0x88, 0x88, 0x88, 0x89, 0xB9, 0xB9, 0xBA, 0x55, 0x55, 0x55, 0x5A, 0xA8, 
  /*1750:*/ 0x88, 0x88, 0x88, 0x88, 0x88, 0x88, 0x88, 0x88, 0x88, 0x88, 0x54, 0x02, 0x22, 0x00, 0x00, 0x10, 
  /*1760:*/ 0x31, 0x21, 0x21, 0x12, 0x22, 0x22, 0x12, 0x21, 0x01, 0x00, 0x12, 0x22, 0x12, 0x22, 0x12, 0x89, 
  /*1770:*/ 0xBB, 0xEE, 0xFF, 0xFF, 0xFF, 0xFF, 0xFF, 0xFF, 0xFF, 0xFF, 0xFF, 0xFF, 0xFF, 0xFF, 0xFF, 0xFF, 
  /*1780:*/ 0xFF, 0xFF, 0xFF, 0xFF, 0xFF, 0xFF, 0xFF, 0xFF, 0xFF, 0xFF, 0xFF, 0xFF, 0xFF, 0xFF, 0xFF, 0xFF, 
  /*1790:*/ 0xFF, 0xFF, 0xFF, 0xFF, 0xFF, 0xB9, 0xB1, 0x24, 0x12, 0x00, 0x00, 0x14, 0x22, 0x44, 0x83, 0x88, 
  /*17A0:*/ 0x36, 0x83, 0x63, 0x30, 0x20, 0x20, 0x23, 0x88, 0x88, 0x88, 0x88, 0x33, 0x63, 0x33, 0x33, 0x85, 
  /*17B0:*/ 0xAA, 0x9A, 0xA9, 0xAC, 0xEE, 0xBE, 0xEE, 0xA5, 0x55, 0x55, 0x55, 0x56, 0x33, 0x38, 0x36, 0x39, 
  /*17C0:*/ 0x9A, 0x9A, 0xA9, 0x88, 0x88, 0x88, 0x88, 0x89, 0xBB, 0xBB, 0xBC, 0xA5, 0x55, 0x55, 0x5A, 0x88, 
  /*17D0:*/ 0x88, 0x88, 0x88, 0x88, 0x88, 0x88, 0x88, 0x38, 0x88, 0x83, 0x84, 0x21, 0x21, 0x00, 0x00, 0x02, 
  /*17E0:*/ 0x22, 0x21, 0x22, 0x23, 0x23, 0x12, 0x32, 0x12, 0x20, 0x20, 0x22, 0x12, 0x21, 0x12, 0x12, 0x3B, 
  /*17F0:*/ 0x8B, 0xEE, 0xFF, 0xFF, 0xFF, 0xFF, 0xFF, 0xFF, 0xFF, 0xFF, 0xFF, 0xFF, 0xFF, 0xFF, 0xFF, 0xFF, 
  /*1800:*/ 0xFF, 0xFF, 0xFF, 0xFF, 0xFF, 0xFF, 0xFF, 0xFF, 0xFF, 0xFF, 0xFF, 0xFF, 0xFF, 0xFF, 0xFF, 0xFF, 
  /*1810:*/ 0xFF, 0xFF, 0xFF, 0xFF, 0xFF, 0x9B, 0x82, 0x32, 0x12, 0x00, 0x01, 0x22, 0x41, 0x44, 0x83, 0x88, 
  /*1820:*/ 0x38, 0x38, 0x63, 0x32, 0x02, 0x22, 0x02, 0x88, 0x88, 0x88, 0x88, 0x83, 0x33, 0x63, 0x63, 0x69, 
  /*1830:*/ 0xAA, 0xA9, 0xA9, 0xAC, 0xEE, 0xBE, 0xBE, 0x55, 0x55, 0x55, 0x55, 0x56, 0x63, 0x63, 0x38, 0x68, 
  /*1840:*/ 0x9A, 0xAA, 0x9A, 0x88, 0x88, 0x88, 0x88, 0x8B, 0xBB, 0x9B, 0xBA, 0x55, 0x5A, 0x55, 0x5A, 0x98, 
  /*1850:*/ 0x88, 0x88, 0x88, 0x88, 0x88, 0x88, 0x88, 0x88, 0x83, 0x88, 0x92, 0x20, 0x12, 0x00, 0x00, 0x10, 
  /*1860:*/ 0x12, 0x11, 0x21, 0x22, 0x11, 0x21, 0x12, 0x21, 0x12, 0x22, 0x12, 0x21, 0x22, 0x12, 0x30, 0x3B, 
  /*1870:*/ 0xBB, 0xEE, 0xFF, 0xFF, 0xFF, 0xFF, 0xFF, 0xFF, 0xFF, 0xFF, 0xFF, 0xFF, 0xFF, 0xFF, 0xFF, 0xFF, 
  /*1880:*/ 0xFF, 0xFF, 0xFF, 0xFF, 0xFF, 0xFF, 0xFF, 0xFF, 0xFF, 0xFF, 0xFF, 0xFF, 0xFF, 0xFF, 0xFF, 0xFF, 
  /*1890:*/ 0xFF, 0xFF, 0xFF, 0xFF, 0xFF, 0xB8, 0xB2, 0x23, 0x20, 0x10, 0x00, 0x32, 0x32, 0x48, 0x99, 0x66, 
  /*18A0:*/ 0x66, 0x66, 0x66, 0x66, 0x66, 0x56, 0x56, 0x8B, 0x88, 0x88, 0x88, 0x66, 0x63, 0x63, 0x66, 0x68, 
  /*18B0:*/ 0xAA, 0xAA, 0xA9, 0xAC, 0xEB, 0xEE, 0xEE, 0xA5, 0x55, 0x55, 0x55, 0x56, 0x63, 0x86, 0x36, 0x68, 
  /*18C0:*/ 0xAA, 0xAA, 0xAA, 0x88, 0x88, 0x88, 0x88, 0x8A, 0xBB, 0xBB, 0x9E, 0xAA, 0x75, 0xAA, 0xAA, 0xA9, 
  /*18D0:*/ 0x89, 0x89, 0x89, 0xB8, 0xBB, 0xBB, 0xB8, 0x99, 0x99, 0xAA, 0xA4, 0x22, 0x21, 0x00, 0x00, 0x02, 
  /*18E0:*/ 0x23, 0x12, 0x22, 0x12, 0x21, 0x12, 0x21, 0x22, 0x02, 0x12, 0x21, 0x21, 0x01, 0x30, 0x21, 0x4B, 
  /*18F0:*/ 0x8B, 0xEE, 0xFF, 0xFF, 0xFF, 0xFF, 0xFF, 0xFF, 0xFF, 0xFF, 0xFF, 0xFF, 0xFF, 0xFF, 0xFF, 0xFF, 
  /*1900:*/ 0xFF, 0xFF, 0xFF, 0xFF, 0xFF, 0xFF, 0xFF, 0xFF, 0xFF, 0xFF, 0xFF, 0xFF, 0xFF, 0xFF, 0xFF, 0xFF, 
  /*1910:*/ 0xFF, 0xFF, 0xFF, 0xFF, 0xFE, 0xBB, 0x82, 0x33, 0x21, 0x00, 0x00, 0x22, 0x22, 0x45, 0x77, 0x77, 
  /*1920:*/ 0x77, 0x77, 0x77, 0x77, 0x76, 0x77, 0x77, 0x76, 0xD6, 0xBD, 0x7B, 0x66, 0x6D, 0x67, 0x66, 0xD7, 
  /*1930:*/ 0xAA, 0xAA, 0xAA, 0xAC, 0xCC, 0xCC, 0x7C, 0x77, 0x77, 0x77, 0x77, 0x77, 0x67, 0x6B, 0x76, 0xB7, 
  /*1940:*/ 0xAA, 0xAA, 0xAA, 0xAA, 0xAA, 0x99, 0xAA, 0xCC, 0xCC, 0xCC, 0xC7, 0x77, 0x7C, 0x77, 0x77, 0xAA, 
  /*1950:*/ 0x7A, 0xA7, 0xCC, 0x7B, 0x7B, 0x6B, 0x77, 0x77, 0xC7, 0x77, 0x72, 0x20, 0x22, 0x00, 0x00, 0x01, 
  /*1960:*/ 0x12, 0x21, 0x21, 0x23, 0x12, 0x21, 0x22, 0x12, 0x12, 0x21, 0x22, 0x21, 0x22, 0x21, 0x21, 0x3B, 
  /*1970:*/ 0xBB, 0xEE, 0xFF, 0xFF, 0xFF, 0xFF, 0xFF, 0xFF, 0xFF, 0xFF, 0xFF, 0xFF, 0xFF, 0xFF, 0xFF, 0xFF, 
  /*1980:*/ 0xFF, 0xFF, 0xFF, 0xFF, 0xFF, 0xFF, 0xFF, 0xFF, 0xFF, 0xFF, 0xFF, 0xFF, 0xFF, 0xFF, 0xFF, 0xFF, 
  /*1990:*/ 0xFF, 0xFF, 0xFF, 0xFF, 0xFE, 0x8B, 0xB2, 0x13, 0x12, 0x00, 0x00, 0x32, 0x42, 0x46, 0x77, 0x77, 
  /*19A0:*/ 0x77, 0x77, 0x77, 0x77, 0x77, 0x77, 0x77, 0x7D, 0x77, 0x77, 0x77, 0xD7, 0xD7, 0xD7, 0xDD, 0x77, 
  /*19B0:*/ 0x77, 0x77, 0xC7, 0xC7, 0xD7, 0x7D, 0x7D, 0x7D, 0x7C, 0x77, 0x77, 0x77, 0xDD, 0x7D, 0xDD, 0x7D, 
  /*19C0:*/ 0x77, 0xC7, 0xCC, 0x7C, 0x7C, 0x7C, 0x7C, 0x7D, 0x7D, 0x7D, 0x7D, 0x7C, 0x77, 0xC7, 0x77, 0x77, 
  /*19D0:*/ 0x77, 0x77, 0x77, 0xD7, 0x77, 0xD7, 0xD7, 0xD7, 0x77, 0x77, 0x74, 0x22, 0x21, 0x00, 0x00, 0x02, 
  /*19E0:*/ 0x21, 0x22, 0x22, 0x12, 0x11, 0x12, 0x12, 0x12, 0x01, 0x20, 0x21, 0x21, 0x01, 0x21, 0x22, 0x88, 
  /*19F0:*/ 0xBB, 0xEE, 0xFF, 0xFF, 0xFF, 0xFF, 0xFF, 0xFF, 0xFF, 0xFF, 0xFF, 0xFF, 0xFF, 0xFF, 0xFF, 0xFF, 
  /*1A00:*/ 0xFF, 0xFF, 0xFF, 0xFF, 0xFF, 0xFF, 0xFF, 0xFF, 0xFF, 0xFF, 0xFF, 0xFF, 0xFF, 0xFF, 0xFF, 0xFF, 
  /*1A10:*/ 0xFF, 0xFF, 0xFF, 0xFF, 0xFF, 0xB9, 0xB1, 0x32, 0x20, 0x00, 0x00, 0x24, 0x12, 0x46, 0x77, 0x77, 
  /*1A20:*/ 0x77, 0x77, 0xB7, 0x77, 0x77, 0x77, 0xD7, 0x77, 0x77, 0x77, 0x77, 0x7D, 0x77, 0x7D, 0x77, 0xD7, 
  /*1A30:*/ 0xD7, 0xCC, 0x7D, 0x7D, 0x7D, 0x7D, 0x7D, 0xD7, 0xDD, 0x7D, 0xDD, 0x7D, 0x7D, 0x7D, 0x77, 0xD7, 
  /*1A40:*/ 0xDD, 0x7D, 0x7C, 0x7D, 0x7D, 0x7D, 0x7D, 0x7D, 0x7D, 0x7D, 0x77, 0xD7, 0xD7, 0x7D, 0x7D, 0x7D, 
  /*1A50:*/ 0x7D, 0x7D, 0x7D, 0x77, 0x77, 0x77, 0x77, 0xD7, 0x77, 0xD7, 0x74, 0x20, 0x22, 0x00, 0x00, 0x01, 
  /*1A60:*/ 0x22, 0x11, 0x22, 0x21, 0x22, 0x12, 0x22, 0x21, 0x20, 0x02, 0x12, 0x22, 0x12, 0x13, 0x20, 0x4B, 
  /*1A70:*/ 0x8E, 0xEE, 0xFF, 0xFF, 0xFF, 0xFF, 0xFF, 0xFF, 0xFF, 0xFF, 0xFF, 0xFF, 0xFF, 0xFF, 0xFF, 0xFF, 
  /*1A80:*/ 0xFF, 0xFF, 0xFF, 0xFF, 0xFF, 0xFF, 0xFF, 0xFF, 0xFF, 0xFF, 0xFF, 0xFF, 0xFF, 0xFF, 0xFF, 0xFF, 
  /*1A90:*/ 0xFF, 0xFF, 0xFF, 0xFF, 0xFF, 0x9B, 0x82, 0x24, 0x21, 0x00, 0x00, 0x32, 0x24, 0x45, 0x77, 0x76, 
  /*1AA0:*/ 0x77, 0x77, 0x77, 0xB7, 0x67, 0xD7, 0x77, 0x77, 0x77, 0x7B, 0x6D, 0x77, 0x7D, 0x77, 0xD7, 0xD7, 
  /*1AB0:*/ 0x7D, 0x7D, 0x77, 0xD7, 0xD7, 0x7D, 0x7D, 0x7D, 0x7D, 0x7D, 0x77, 0xD7, 0xD7, 0xD7, 0xD7, 0xD7, 
  /*1AC0:*/ 0x7D, 0x7D, 0xD7, 0xDD, 0x7D, 0x7D, 0x7D, 0x7D, 0x7D, 0x7D, 0xD7, 0xD7, 0x7D, 0x77, 0x77, 0xD7, 
  /*1AD0:*/ 0x77, 0x77, 0x77, 0x77, 0x77, 0xB7, 0xD7, 0x77, 0xD7, 0x77, 0x74, 0x22, 0x02, 0x00, 0x00, 0x10, 
  /*1AE0:*/ 0x13, 0x21, 0x21, 0x32, 0x32, 0x23, 0x23, 0x21, 0x20, 0x10, 0x22, 0x31, 0x02, 0x22, 0x12, 0x3B, 
  /*1AF0:*/ 0xBB, 0xEE, 0xFF, 0xFF, 0xFF, 0xFF, 0xFF, 0xFF, 0xFF, 0xFF, 0xFF, 0xFF, 0xFF, 0xFF, 0xFF, 0xFF, 
  /*1B00:*/ 0xFF, 0xFF, 0xFF, 0xFF, 0xFF, 0xFF, 0xFF, 0xFF, 0xFF, 0xFF, 0xFF, 0xFF, 0xFF, 0xFF, 0xFF, 0xFF, 
  /*1B10:*/ 0xFF, 0xFF, 0xFF, 0xFF, 0xFF, 0xB8, 0xB2, 0x33, 0x20, 0x10, 0x00, 0x14, 0x22, 0x46, 0x77, 0x77, 
  /*1B20:*/ 0x77, 0x77, 0xB7, 0x77, 0x77, 0x77, 0xD7, 0x77, 0x7B, 0x67, 0x7D, 0x7D, 0x77, 0xD7, 0x7D, 0x7D, 
  /*1B30:*/ 0x7D, 0x77, 0xDD, 0x7D, 0x77, 0xD7, 0xD7, 0xD7, 0xD7, 0xDD, 0x7D, 0x7D, 0x7D, 0x7D, 0x7D, 0x7D, 
  /*1B40:*/ 0x7D, 0x7D, 0x7D, 0x7D, 0x7D, 0x7D, 0x7D, 0x7D, 0x7D, 0x77, 0x7D, 0x77, 0x77, 0x7D, 0x77, 0x77, 
  /*1B50:*/ 0xD7, 0x7D, 0x77, 0x7D, 0x77, 0x77, 0x77, 0xD7, 0x77, 0x77, 0x74, 0x22, 0x22, 0x00, 0x00, 0x02, 
  /*1B60:*/ 0x21, 0x21, 0x22, 0x12, 0x21, 0x12, 0x11, 0x22, 0x12, 0x22, 0x21, 0x22, 0x21, 0x21, 0x12, 0x88, 
  /*1B70:*/ 0xBB, 0xEE, 0xFF, 0xFF, 0xFF, 0xFF, 0xFF, 0xFF, 0xFF, 0xFF, 0xFF, 0xFF, 0xFF, 0xFF, 0xFF, 0xFF, 
  /*1B80:*/ 0xFF, 0xFF, 0xFF, 0xFF, 0xFF, 0xFF, 0xFF, 0xFF, 0xFF, 0xFF, 0xFF, 0xFF, 0xFF, 0xFF, 0xFF, 0xFF, 
  /*1B90:*/ 0xFF, 0xFF, 0xFF, 0xFF, 0xFE, 0xBB, 0x93, 0x21, 0x30, 0x00, 0x00, 0x32, 0x22, 0x46, 0x77, 0x77, 
  /*1BA0:*/ 0x77, 0xD6, 0x77, 0x77, 0x77, 0xB7, 0x77, 0x7B, 0x67, 0x7D, 0x77, 0x77, 0xD7, 0x7D, 0x77, 0xD7, 
  /*1BB0:*/ 0x7D, 0x7D, 0x7D, 0x77, 0xD7, 0xD7, 0x7D, 0x7D, 0x7D, 0x7D, 0x76, 0x56, 0x76, 0x67, 0xD7, 0xD7, 
  /*1BC0:*/ 0xD7, 0xD7, 0xD7, 0xD7, 0xD7, 0xD7, 0x7D, 0x7D, 0x7D, 0xD7, 0xD7, 0xD7, 0xD7, 0xD7, 0x7D, 0x77, 
  /*1BD0:*/ 0x77, 0xD7, 0x7D, 0x77, 0x7D, 0x77, 0xD7, 0x77, 0x77, 0x77, 0x75, 0x00, 0x21, 0x00, 0x00, 0x01, 
  /*1BE0:*/ 0x22, 0x30, 0x21, 0x23, 0x02, 0x11, 0x22, 0x12, 0x02, 0x21, 0x21, 0x21, 0x01, 0x22, 0x22, 0x3B, 
  /*1BF0:*/ 0x8E, 0xEE, 0xFF, 0xFF, 0xFF, 0xFF, 0xFF, 0xFF, 0xFF, 0xFF, 0xFF, 0xFF, 0xFF, 0xFF, 0xFF, 0xFF, 
  /*1C00:*/ 0xFF, 0xFF, 0xFF, 0xFF, 0xFF, 0xFF, 0xFF, 0xFF, 0xFF, 0xFF, 0xFF, 0xFF, 0xFF, 0xFF, 0xFF, 0xFF, 
  /*1C10:*/ 0xFF, 0xFF, 0xFF, 0xFF, 0xFE, 0x9B, 0x83, 0x23, 0x20, 0x00, 0x00, 0x24, 0x24, 0x46, 0x77, 0x77, 
  /*1C20:*/ 0x7D, 0x77, 0x7D, 0x77, 0xB7, 0x77, 0xD7, 0x77, 0x7D, 0x77, 0x7D, 0x7D, 0x77, 0xD7, 0xD7, 0x7D, 
  /*1C30:*/ 0x7D, 0x7D, 0x77, 0xD7, 0x7D, 0x7D, 0x7D, 0x7D, 0xD7, 0xD7, 0xD6, 0x57, 0x75, 0x66, 0x77, 0xD7, 
  /*1C40:*/ 0x7D, 0x7D, 0x7D, 0x7D, 0x77, 0xD7, 0xD7, 0xD7, 0xD7, 0x7D, 0x77, 0x77, 0xD7, 0x77, 0x77, 0xD7, 
  /*1C50:*/ 0xD7, 0x77, 0x77, 0x77, 0xD7, 0x77, 0x77, 0xD7, 0xD7, 0x77, 0x74, 0x22, 0x22, 0x00, 0x00, 0x01, 
  /*1C60:*/ 0x21, 0x22, 0x12, 0x21, 0x21, 0x11, 0x22, 0x12, 0x12, 0x12, 0x02, 0x12, 0x22, 0x12, 0x12, 0x86, 
  /*1C70:*/ 0xBB, 0xEE, 0xFF, 0xFF, 0xFF, 0xFF, 0xFF, 0xFF, 0xFF, 0xFF, 0xFF, 0xFF, 0xFF, 0xFF, 0xFF, 0xFF, 
  /*1C80:*/ 0xFF, 0xFF, 0xFF, 0xFF, 0xFF, 0xFF, 0xFF, 0xFF, 0xFF, 0xFF, 0xFF, 0xFF, 0xFF, 0xFF, 0xFF, 0xFF, 
  /*1C90:*/ 0xFF, 0xFF, 0xFF, 0xFF, 0xFF, 0xB8, 0xB2, 0x23, 0x11, 0x00, 0x00, 0x32, 0x12, 0x46, 0x77, 0x77, 
  /*1CA0:*/ 0x77, 0x7D, 0x77, 0xD7, 0x76, 0xD7, 0x7D, 0x77, 0x77, 0x7D, 0x77, 0xD7, 0xD7, 0xD7, 0xD7, 0xD7, 
  /*1CB0:*/ 0xD7, 0xD7, 0xD7, 0xD7, 0xD7, 0xD7, 0xD7, 0xD7, 0xDD, 0x77, 0x75, 0x47, 0x66, 0x77, 0x65, 0x7D, 
  /*1CC0:*/ 0x7D, 0x7D, 0xD7, 0xD7, 0xD7, 0xD7, 0xD7, 0xD7, 0xD7, 0xD7, 0xD7, 0xD7, 0x7D, 0x7D, 0x7D, 0x77, 
  /*1CD0:*/ 0x7D, 0x7D, 0x7D, 0x7D, 0x77, 0xD7, 0xB7, 0x77, 0x77, 0xD7, 0x74, 0x20, 0x02, 0x00, 0x00, 0x11, 
  /*1CE0:*/ 0x21, 0x21, 0x22, 0x13, 0x12, 0x12, 0x12, 0x31, 0x02, 0x22, 0x12, 0x21, 0x02, 0x12, 0x10, 0x4B, 
  /*1CF0:*/ 0x8E, 0xEF, 0xFF, 0xFF, 0xFF, 0xFF, 0xFF, 0xFF, 0xFF, 0xFF, 0xFF, 0xFF, 0xFF, 0xFF, 0xFF, 0xFF, 
  /*1D00:*/ 0xFF, 0xFF, 0xFF, 0xFF, 0xFF, 0xFF, 0xFF, 0xFF, 0xFF, 0xFF, 0xFF, 0xFF, 0xFF, 0xFF, 0xFF, 0xFF, 
  /*1D10:*/ 0xFF, 0xFF, 0xFF, 0xFF, 0xFE, 0xBB, 0x93, 0x13, 0x20, 0x00, 0x00, 0x32, 0x42, 0x46, 0x77, 0x77, 
  /*1D20:*/ 0x7D, 0x77, 0x7D, 0x77, 0xD7, 0x7D, 0x77, 0xD7, 0x7B, 0x77, 0x7D, 0x77, 0xD7, 0x7D, 0x7D, 0x7D, 
  /*1D30:*/ 0x7D, 0x7D, 0x7D, 0x77, 0xD7, 0xD7, 0xD7, 0xDD, 0x7D, 0x66, 0x77, 0xD6, 0x67, 0x27, 0x55, 0x77, 
  /*1D40:*/ 0xD7, 0xD7, 0xD7, 0xD7, 0xD7, 0xD7, 0xD7, 0xD7, 0xD7, 0xD7, 0xD7, 0x7D, 0x77, 0xD7, 0xD7, 0x7D, 
  /*1D50:*/ 0x77, 0xD7, 0x77, 0x77, 0xD7, 0x77, 0x77, 0xD7, 0xD7, 0x77, 0x75, 0x22, 0x21, 0x00, 0x00, 0x01, 
  /*1D60:*/ 0x21, 0x32, 0x12, 0x21, 0x22, 0x21, 0x21, 0x20, 0x20, 0x10, 0x21, 0x22, 0x13, 0x02, 0x31, 0x86, 
  /*1D70:*/ 0xBE, 0xEF, 0xFF, 0xFF, 0xFF, 0xFF, 0xFF, 0xFF, 0xFF, 0xFF, 0xFF, 0xFF, 0xFF, 0xFF, 0xFF, 0xFF, 
  /*1D80:*/ 0xFF, 0xFF, 0xFF, 0xFF, 0xFF, 0xFF, 0xFF, 0xFF, 0xFF, 0xFF, 0xFF, 0xFF, 0xFF, 0xFF, 0xFF, 0xFF, 
  /*1D90:*/ 0xFF, 0xFF, 0xFF, 0xFF, 0xFE, 0x9B, 0x83, 0x23, 0x21, 0x00, 0x00, 0x21, 0x22, 0x46, 0x77, 0xD7, 
  /*1DA0:*/ 0x77, 0xD7, 0x77, 0xD7, 0x77, 0x77, 0xD7, 0x77, 0x77, 0x7B, 0x77, 0x7D, 0x7D, 0x77, 0xD7, 0xD7, 
  /*1DB0:*/ 0x7D, 0x77, 0xD7, 0xD7, 0xD7, 0x7D, 0x7D, 0x7D, 0x7D, 0x76, 0x56, 0x77, 0xD5, 0x45, 0x67, 0x67, 
  /*1DC0:*/ 0x7D, 0xD7, 0xDD, 0x7D, 0x7D, 0x7D, 0x7D, 0x7D, 0x7D, 0x7D, 0x7D, 0x7D, 0x7D, 0x77, 0x7D, 0x77, 
  /*1DD0:*/ 0xD7, 0x77, 0xD7, 0xD7, 0x77, 0xD7, 0xD7, 0x77, 0x77, 0x77, 0x74, 0x20, 0x02, 0x00, 0x00, 0x01, 
  /*1DE0:*/ 0x22, 0x12, 0x12, 0x23, 0x23, 0x13, 0x22, 0x31, 0x02, 0x02, 0x12, 0x22, 0x22, 0x11, 0x02, 0x4B, 
  /*1DF0:*/ 0x8E, 0xEF, 0xFF, 0xFF, 0xFF, 0xFF, 0xFF, 0xFF, 0xFF, 0xFF, 0xFF, 0xFF, 0xFF, 0xFF, 0xFF, 0xFF, 
  /*1E00:*/ 0xFF, 0xFF, 0xFF, 0xFF, 0xFF, 0xFF, 0xFF, 0xFF, 0xFF, 0xFF, 0xFF, 0xFF, 0xFF, 0xFF, 0xFF, 0xFF, 
  /*1E10:*/ 0xFF, 0xFF, 0xFF, 0xFF, 0xFF, 0xB8, 0xB3, 0x23, 0x20, 0x00, 0x00, 0x43, 0x22, 0x46, 0x77, 0x77, 
  /*1E20:*/ 0x7D, 0x7D, 0x77, 0xD7, 0xD7, 0x7B, 0x77, 0xDD, 0x7B, 0x77, 0x7B, 0x77, 0x77, 0xB7, 0xD7, 0x7D, 
  /*1E30:*/ 0x7D, 0x7D, 0x77, 0xD7, 0xD7, 0xDD, 0x7D, 0xD7, 0xDD, 0x7D, 0x76, 0x65, 0x67, 0x76, 0x66, 0x7D, 
  /*1E40:*/ 0x7D, 0x7D, 0x7D, 0x7D, 0x7D, 0x7D, 0x7D, 0x7D, 0x7D, 0x77, 0xD7, 0xD7, 0xD7, 0xD7, 0xD7, 0xD7, 
  /*1E50:*/ 0x7D, 0x77, 0xD7, 0x77, 0xD7, 0x77, 0x77, 0xD7, 0xD7, 0x7D, 0x74, 0x20, 0x22, 0x00, 0x00, 0x02, 
  /*1E60:*/ 0x12, 0x12, 0x21, 0x22, 0x11, 0x02, 0x12, 0x21, 0x22, 0x23, 0x21, 0x21, 0x22, 0x12, 0x13, 0x86, 
  /*1E70:*/ 0xBE, 0xEE, 0xFF, 0xFF, 0xFF, 0xFF, 0xFF, 0xFF, 0xFF, 0xFF, 0xFF, 0xFF, 0xFF, 0xFF, 0xFF, 0xFF, 
  /*1E80:*/ 0xFF, 0xFF, 0xFF, 0xFF, 0xFF, 0xFF, 0xFF, 0xFF, 0xFF, 0xFF, 0xFF, 0xFF, 0xFF, 0xFF, 0xFF, 0xFF, 
  /*1E90:*/ 0xFF, 0xFF, 0xFF, 0xFF, 0xFE, 0xBB, 0x93, 0x23, 0x20, 0x00, 0x00, 0x12, 0x42, 0x46, 0x77, 0xD7, 
  /*1EA0:*/ 0x7D, 0x77, 0x7D, 0x77, 0x77, 0x77, 0x7D, 0x77, 0x77, 0x7B, 0x77, 0x7B, 0x7D, 0x77, 0x7D, 0x7D, 
  /*1EB0:*/ 0x77, 0xD7, 0xD7, 0xD7, 0x7D, 0x7D, 0xD7, 0xDD, 0x7D, 0x7D, 0x7D, 0x7D, 0x56, 0x76, 0x77, 0xD7, 
  /*1EC0:*/ 0xD7, 0xDD, 0x7D, 0x7D, 0x7D, 0x7D, 0x7D, 0x7D, 0x7D, 0xD7, 0xD7, 0x7D, 0x77, 0xD7, 0x77, 0x7D, 
  /*1ED0:*/ 0x77, 0xD7, 0x7D, 0x7D, 0x77, 0xD7, 0xD7, 0x77, 0x77, 0x77, 0x75, 0x20, 0x21, 0x00, 0x00, 0x01, 
  /*1EE0:*/ 0x23, 0x21, 0x12, 0x13, 0x22, 0x12, 0x12, 0x22, 0x10, 0x21, 0x02, 0x22, 0x21, 0x22, 0x20, 0x4B, 
  /*1EF0:*/ 0x8E, 0xEF, 0xFF, 0xFF, 0xFF, 0xFF, 0xFF, 0xFF, 0xFF, 0xFF, 0xFF, 0xFF, 0xFF, 0xFF, 0xFF, 0xFF, 
  /*1F00:*/ 0xFF, 0xFF, 0xFF, 0xFF, 0xFF, 0xFF, 0xFF, 0xFF, 0xFF, 0xFF, 0xFF, 0xFF, 0xFF, 0xFF, 0xFF, 0xFF, 
  /*1F10:*/ 0xFF, 0xFF, 0xFF, 0xFF, 0xFF, 0xB8, 0xB3, 0x13, 0x11, 0x00, 0x00, 0x32, 0x22, 0x46, 0x77, 0x7D, 
  /*1F20:*/ 0x77, 0x7D, 0x77, 0xDD, 0x77, 0xB7, 0x7D, 0x7D, 0x7D, 0x77, 0x7B, 0x77, 0x77, 0xB7, 0xD7, 0x7D, 
  /*1F30:*/ 0x77, 0xD7, 0x7D, 0x7D, 0x7D, 0x7D, 0x7D, 0x7D, 0x7D, 0x7D, 0x7D, 0x7D, 0x77, 0x66, 0x7D, 0x7D, 
  /*1F40:*/ 0x7D, 0x7D, 0xD7, 0xD7, 0xD7, 0xD7, 0xD7, 0xD7, 0xD7, 0x7D, 0x7D, 0x77, 0xD7, 0x7D, 0x7D, 0x77, 
  /*1F50:*/ 0xD7, 0x7D, 0x77, 0x77, 0x7D, 0x77, 0x77, 0xD7, 0x7D, 0x77, 0x74, 0x22, 0x02, 0x00, 0x00, 0x01, 
  /*1F60:*/ 0x21, 0x22, 0x21, 0x22, 0x12, 0x12, 0x12, 0x12, 0x02, 0x22, 0x21, 0x22, 0x12, 0x12, 0x13, 0x86, 
  /*1F70:*/ 0xBE, 0xEE, 0xFF, 0xFF, 0xFF, 0xFF, 0xFF, 0xFF, 0xFF, 0xFF, 0xFF, 0xFF, 0xFF, 0xFF, 0xFF, 0xFF, 
  /*1F80:*/ 0xFF, 0xFF, 0xFF, 0xFF, 0xFF, 0xFF, 0xFF, 0xFF, 0xFF, 0xFF, 0xFF, 0xFF, 0xFF, 0xFF, 0xFF, 0xFF, 
  /*1F90:*/ 0xFF, 0xFF, 0xFF, 0xFF, 0xFE, 0xBB, 0x83, 0x24, 0x10, 0x00, 0x00, 0x24, 0x14, 0x46, 0x77, 0x77, 
  /*1FA0:*/ 0x7D, 0x77, 0x7B, 0x77, 0xD7, 0x77, 0x77, 0x7D, 0x77, 0x7B, 0x77, 0x7B, 0x77, 0x7D, 0x7D, 0x77, 
  /*1FB0:*/ 0xD7, 0xD7, 0xD7, 0xD7, 0xDD, 0x7D, 0xD7, 0xD7, 0xD7, 0xD7, 0xDD, 0x7D, 0xD7, 0xD7, 0xD7, 0xD7, 
  /*1FC0:*/ 0xDD, 0xD7, 0xD7, 0xD7, 0xD7, 0xD7, 0xDD, 0x7D, 0x7D, 0x7D, 0x77, 0xD7, 0xD7, 0xD7, 0xD7, 0xD7, 
  /*1FD0:*/ 0x7D, 0x77, 0xD7, 0xD7, 0x77, 0x7D, 0x77, 0x77, 0xD7, 0x77, 0x74, 0x20, 0x22, 0x00, 0x00, 0x01, 
  /*1FE0:*/ 0x21, 0x12, 0x12, 0x23, 0x12, 0x12, 0x23, 0x21, 0x01, 0x21, 0x22, 0x12, 0x01, 0x21, 0x00, 0x4B, 
  /*1FF0:*/ 0x8E, 0xEF, 0xFF, 0xFF, 0xFF, 0xFF, 0xFF, 0xFF, 0xFF, 0xFF, 0xFF, 0xFF, 0xFF, 0xFF, 0xFF, 0xFF, 
  /*2000:*/ 0xFF, 0xFF, 0xFF, 0xFF, 0xFF, 0xFF, 0xFF, 0xFF, 0xFF, 0xFF, 0xFF, 0xFF, 0xFF, 0xFF, 0xFF, 0xFF, 
  /*2010:*/ 0xFF, 0xFF, 0xFF, 0xFF, 0xFF, 0xB8, 0xB3, 0x22, 0x22, 0x00, 0x00, 0x32, 0x22, 0x46, 0x77, 0xD7, 
  /*2020:*/ 0x77, 0xD7, 0xD7, 0x7D, 0x77, 0x7B, 0x7B, 0x77, 0xD7, 0x77, 0x77, 0x77, 0xB7, 0x77, 0x77, 0xD7, 
  /*2030:*/ 0x7D, 0x77, 0xD7, 0xD7, 0xD7, 0xD7, 0xD7, 0xDD, 0x7D, 0x7D, 0x7D, 0xD7, 0xDD, 0x7D, 0x7D, 0x7D, 
  /*2040:*/ 0x7D, 0x7D, 0x7D, 0x7D, 0x7D, 0x7D, 0x7D, 0x7D, 0x7D, 0x7D, 0x7D, 0x7D, 0x77, 0xD7, 0x77, 0xD7, 
  /*2050:*/ 0xD7, 0xD7, 0x77, 0x7D, 0x7D, 0x77, 0x77, 0xD7, 0x77, 0x77, 0x74, 0x22, 0x01, 0x00, 0x00, 0x01, 
  /*2060:*/ 0x22, 0x31, 0x21, 0x22, 0x12, 0x21, 0x21, 0x22, 0x20, 0x20, 0x13, 0x22, 0x12, 0x12, 0x22, 0x8B, 
  /*2070:*/ 0xBB, 0xEF, 0xFF, 0xFF, 0xFF, 0xFF, 0xFF, 0xFF, 0xFF, 0xFF, 0xFF, 0xFF, 0xFF, 0xFF, 0xFF, 0xFF, 
  /*2080:*/ 0xFF, 0xFF, 0xFF, 0xFF, 0xFF, 0xFF, 0xFF, 0xFF, 0xFF, 0xFF, 0xFF, 0xFF, 0xFF, 0xFF, 0xFF, 0xFF, 
  /*2090:*/ 0xFF, 0xFF, 0xFF, 0xFF, 0xFE, 0xB9, 0xB3, 0x23, 0x12, 0x00, 0x00, 0x13, 0x22, 0x45, 0x77, 0x7D, 
  /*20A0:*/ 0x77, 0x7D, 0x77, 0x77, 0xD7, 0x77, 0x77, 0x7D, 0x7D, 0x7D, 0x7B, 0x66, 0x66, 0x66, 0x67, 0x67, 
  /*20B0:*/ 0x76, 0x76, 0x67, 0x76, 0x76, 0xD7, 0xD7, 0xD7, 0x67, 0x77, 0xD6, 0xD7, 0x77, 0xD7, 0x67, 0x76, 
  /*20C0:*/ 0x77, 0x77, 0xD7, 0x67, 0x77, 0x67, 0x77, 0x67, 0x77, 0x76, 0x67, 0x67, 0x67, 0x7D, 0x7D, 0x77, 
  /*20D0:*/ 0x77, 0xD7, 0xD7, 0x77, 0x77, 0xD7, 0xD7, 0x77, 0x77, 0xD7, 0x74, 0x20, 0x20, 0x00, 0x00, 0x01, 
  /*20E0:*/ 0x21, 0x22, 0x10, 0x32, 0x21, 0x22, 0x22, 0x12, 0x01, 0x02, 0x02, 0x12, 0x21, 0x22, 0x12, 0x4B, 
  /*20F0:*/ 0x8E, 0xEF, 0xFF, 0xFF, 0xFF, 0xFF, 0xFF, 0xFF, 0xFF, 0xFF, 0xFF, 0xFF, 0xFF, 0xFF, 0xFF, 0xFF, 
  /*2100:*/ 0xFF, 0xFF, 0xFF, 0xFF, 0xFF, 0xFF, 0xFF, 0xFF, 0xFF, 0xFF, 0xFF, 0xFF, 0xFF, 0xFF, 0xFF, 0xFF, 
  /*2110:*/ 0xFF, 0xFF, 0xFF, 0xFF, 0xFF, 0xB9, 0xB3, 0x13, 0x20, 0x00, 0x00, 0x22, 0x22, 0x46, 0x77, 0x77, 
  /*2120:*/ 0xD7, 0x77, 0xD7, 0x7D, 0x7D, 0x77, 0x7B, 0x77, 0xD7, 0x77, 0x77, 0xD7, 0x5D, 0x66, 0x77, 0xD6, 
  /*2130:*/ 0x57, 0x66, 0x75, 0x66, 0x76, 0x7D, 0x7D, 0x7D, 0x57, 0x66, 0x65, 0x76, 0x66, 0x7D, 0x5D, 0x66, 
  /*2140:*/ 0x76, 0x67, 0x66, 0x57, 0x66, 0x56, 0x7D, 0x56, 0x56, 0xD5, 0x77, 0x67, 0x67, 0x7D, 0x77, 0xD7, 
  /*2150:*/ 0xD7, 0x77, 0x7D, 0x7D, 0x77, 0x77, 0x77, 0xD7, 0x77, 0x77, 0x74, 0x22, 0x02, 0x00, 0x00, 0x01, 
  /*2160:*/ 0x22, 0x21, 0x22, 0x21, 0x21, 0x21, 0x31, 0x22, 0x22, 0x32, 0x22, 0x12, 0x02, 0x21, 0x23, 0x86, 
  /*2170:*/ 0xBB, 0xEF, 0xFF, 0xFF, 0xFF, 0xFF, 0xFF, 0xFF, 0xFF, 0xFF, 0xFF, 0xFF, 0xFF, 0xFF, 0xFF, 0xFF, 
  /*2180:*/ 0xFF, 0xFF, 0xFF, 0xFF, 0xFF, 0xFF, 0xFF, 0xFF, 0xFF, 0xFF, 0xFF, 0xFF, 0xFF, 0xFF, 0xFF, 0xFF, 
  /*2190:*/ 0xFF, 0xFF, 0xFF, 0xFF, 0xFF, 0xB8, 0xB3, 0x13, 0x21, 0x00, 0x00, 0x31, 0x42, 0x46, 0x77, 0xD7, 
  /*21A0:*/ 0x7D, 0x77, 0x77, 0x77, 0x77, 0x7B, 0x77, 0x77, 0x7D, 0x7D, 0x7D, 0x77, 0x67, 0x56, 0x67, 0x66, 
  /*21B0:*/ 0x66, 0x66, 0x75, 0x77, 0x75, 0x7D, 0x7D, 0xD7, 0x57, 0x66, 0xD5, 0x77, 0x76, 0x7D, 0x57, 0x67, 
  /*21C0:*/ 0x67, 0x57, 0x76, 0x57, 0x67, 0x56, 0x77, 0x57, 0x67, 0x76, 0x77, 0x76, 0x67, 0x77, 0xD7, 0x7D, 
  /*21D0:*/ 0x7D, 0x7D, 0x77, 0x77, 0xD7, 0xD7, 0x77, 0x77, 0xD7, 0x77, 0x74, 0x20, 0x00, 0x00, 0x00, 0x00, 
  /*21E0:*/ 0x21, 0x31, 0x22, 0x13, 0x12, 0x12, 0x21, 0x22, 0x01, 0x02, 0x12, 0x12, 0x12, 0x12, 0x10, 0x68, 
  /*21F0:*/ 0xBB, 0xEF, 0xFF, 0xFF, 0xFF, 0xFF, 0xFF, 0xFF, 0xFF, 0xFF, 0xFF, 0xFF, 0xFF, 0xFF, 0xFF, 0xFF, 
  /*2200:*/ 0xFF, 0xFF, 0xFF, 0xFF, 0xFF, 0xFF, 0xFF, 0xFF, 0xFF, 0xFF, 0xFF, 0xFF, 0xFF, 0xFF, 0xFF, 0xFF, 
  /*2210:*/ 0xFF, 0xFF, 0xFF, 0xFF, 0xFF, 0xBB, 0x83, 0x32, 0x30, 0x00, 0x00, 0x12, 0x22, 0x45, 0x77, 0x77, 
  /*2220:*/ 0x77, 0x7D, 0x7D, 0x7D, 0x7D, 0x77, 0x77, 0xB7, 0xD7, 0xD7, 0xD7, 0x77, 0x77, 0x77, 0x77, 0x77, 
  /*2230:*/ 0xD7, 0x77, 0xD7, 0xD7, 0x7D, 0x7D, 0xD7, 0x77, 0x77, 0xD7, 0xD7, 0xD7, 0x7D, 0xD7, 0x7D, 0x77, 
  /*2240:*/ 0x7D, 0xD7, 0x7D, 0x7D, 0x7D, 0x77, 0xD7, 0xD7, 0xD7, 0xD7, 0x7D, 0x77, 0x7D, 0x7D, 0x77, 0xD7, 
  /*2250:*/ 0x77, 0xD7, 0x7D, 0x77, 0x77, 0x77, 0xD7, 0xD7, 0x77, 0x77, 0x74, 0x20, 0x02, 0x00, 0x00, 0x01, 
  /*2260:*/ 0x22, 0x21, 0x22, 0x22, 0x22, 0x12, 0x34, 0x32, 0x22, 0x22, 0x02, 0x21, 0x02, 0x12, 0x22, 0x89, 
  /*2270:*/ 0x8E, 0xEF, 0xFF, 0xFF, 0xFF, 0xFF, 0xFF, 0xFF, 0xFF, 0xFF, 0xFF, 0xFF, 0xFF, 0xFF, 0xFF, 0xFF, 
  /*2280:*/ 0xFF, 0xFF, 0xFF, 0xFF, 0xFF, 0xFF, 0xFF, 0xFF, 0xFF, 0xFF, 0xFF, 0xFF, 0xFF, 0xFF, 0xFF, 0xFF, 
  /*2290:*/ 0xFF, 0xFF, 0xFF, 0xFF, 0xFF, 0xB8, 0xB3, 0x24, 0x10, 0x00, 0x00, 0x42, 0x12, 0x46, 0x77, 0xD7, 
  /*22A0:*/ 0xD7, 0x77, 0xD7, 0x77, 0x77, 0xD7, 0x77, 0x6D, 0x77, 0x7D, 0x77, 0x7D, 0x77, 0xD7, 0xD7, 0xD7, 
  /*22B0:*/ 0x7D, 0xD7, 0xD7, 0x7D, 0x7D, 0x7D, 0x7D, 0xD7, 0xBD, 0x7D, 0xD7, 0xDD, 0xD7, 0xD7, 0xD7, 0xDD, 
  /*22C0:*/ 0xD7, 0xDD, 0xD7, 0xD7, 0xD7, 0xD7, 0xD7, 0xD7, 0xD7, 0x7D, 0x77, 0xD7, 0xD7, 0x7D, 0x77, 0x77, 
  /*22D0:*/ 0xD7, 0x77, 0x77, 0x7D, 0x77, 0xD7, 0x77, 0x77, 0x77, 0x77, 0x72, 0x22, 0x00, 0x00, 0x00, 0x01, 
  /*22E0:*/ 0x21, 0x21, 0x22, 0x12, 0x11, 0x21, 0x34, 0x31, 0x02, 0x12, 0x23, 0x12, 0x22, 0x21, 0x20, 0x86, 
  /*22F0:*/ 0xBE, 0xEF, 0xFF, 0xFF, 0xFF, 0xFF, 0xFF, 0xFF, 0xFF, 0xFF, 0xFF, 0xFF, 0xFF, 0xFF, 0xFF, 0xFF, 
  /*2300:*/ 0xFF, 0xFF, 0xFF, 0xFF, 0xFF, 0xFF, 0xFF, 0xFF, 0xFF, 0xFF, 0xFF, 0xFF, 0xFF, 0xFF, 0xFF, 0xFF, 
  /*2310:*/ 0xFF, 0xFF, 0xFF, 0xFF, 0xFF, 0xBB, 0x93, 0x32, 0x30, 0x10, 0x00, 0x14, 0x22, 0x45, 0x77, 0x77, 
  /*2320:*/ 0x7D, 0x77, 0x77, 0xD7, 0x7B, 0x77, 0xB7, 0x77, 0x7B, 0x77, 0xD7, 0xD7, 0x77, 0xD7, 0x77, 0x77, 
  /*2330:*/ 0xD7, 0x76, 0x77, 0x77, 0xD7, 0x76, 0x77, 0x7D, 0x7D, 0xD7, 0x7D, 0x77, 0x77, 0x77, 0xD7, 0x77, 
  /*2340:*/ 0x7D, 0x77, 0xD7, 0x77, 0x67, 0x77, 0x67, 0x77, 0x67, 0xD7, 0xD7, 0x7D, 0x7D, 0x77, 0xD7, 0xD7, 
  /*2350:*/ 0x7D, 0x7D, 0x7D, 0x77, 0x77, 0x77, 0x77, 0xD7, 0x77, 0x77, 0x74, 0x22, 0x20, 0x00, 0x00, 0x00, 
  /*2360:*/ 0x23, 0x12, 0x12, 0x21, 0x22, 0x22, 0x22, 0x21, 0x02, 0x01, 0x21, 0x22, 0x21, 0x22, 0x10, 0x68, 
  /*2370:*/ 0xBE, 0xEF, 0xFF, 0xFF, 0xFF, 0xFF, 0xFF, 0xFF, 0xFF, 0xFF, 0xFF, 0xFF, 0xFF, 0xFF, 0xFF, 0xFF, 
  /*2380:*/ 0xFF, 0xFF, 0xFF, 0xFF, 0xFF, 0xFF, 0xFF, 0xFF, 0xFF, 0xFF, 0xFF, 0xFF, 0xFF, 0xFF, 0xFF, 0xFF, 
  /*2390:*/ 0xFF, 0xFF, 0xFF, 0xFF, 0xFF, 0xB9, 0xB3, 0x32, 0x12, 0x00, 0x00, 0x12, 0x22, 0x46, 0x77, 0xD7, 
  /*23A0:*/ 0x77, 0x77, 0xD7, 0x7D, 0x67, 0x7D, 0x77, 0xD7, 0x77, 0x77, 0x7D, 0x77, 0xD7, 0xD7, 0xDD, 0x66, 
  /*23B0:*/ 0x65, 0x66, 0x75, 0x66, 0x64, 0x75, 0x67, 0xD7, 0xD7, 0x66, 0x77, 0x66, 0xD5, 0x66, 0x66, 0x66, 
  /*23C0:*/ 0x76, 0x57, 0x76, 0xD6, 0x6D, 0x56, 0x7D, 0x57, 0x67, 0x7D, 0x7D, 0x77, 0x7D, 0x7D, 0x77, 0x7D, 
  /*23D0:*/ 0x77, 0x77, 0x77, 0x7D, 0x77, 0xD7, 0x77, 0x77, 0x77, 0x77, 0x72, 0x22, 0x02, 0x00, 0x00, 0x01, 
  /*23E0:*/ 0x21, 0x22, 0x21, 0x23, 0x21, 0x12, 0x12, 0x12, 0x21, 0x22, 0x12, 0x12, 0x12, 0x12, 0x30, 0x8B, 
  /*23F0:*/ 0x8E, 0xEF, 0xFF, 0xFF, 0xFF, 0xFF, 0xFF, 0xFF, 0xFF, 0xFF, 0xFF, 0xFF, 0xFF, 0xFF, 0xFF, 0xFF, 
  /*2400:*/ 0xFF, 0xFF, 0xFF, 0xFF, 0xFF, 0xFF, 0xFF, 0xFF, 0xFF, 0xFF, 0xFF, 0xFF, 0xFF, 0xFF, 0xFF, 0xFF, 
  /*2410:*/ 0xFF, 0xFF, 0xFF, 0xFF, 0xFF, 0xB9, 0x84, 0x32, 0x40, 0x00, 0x00, 0x32, 0x32, 0x45, 0x77, 0x77, 
  /*2420:*/ 0x7D, 0x77, 0x7D, 0x77, 0x77, 0xD7, 0x7D, 0x77, 0x7B, 0x7B, 0x77, 0xD7, 0xD7, 0x7D, 0x7D, 0x66, 
  /*2430:*/ 0x75, 0x66, 0x75, 0x66, 0x75, 0x66, 0xD7, 0xD7, 0xDD, 0x76, 0xD7, 0x76, 0xD5, 0x66, 0xD5, 0x66, 
  /*2440:*/ 0x67, 0x67, 0x66, 0x77, 0x67, 0x57, 0x7D, 0x56, 0x57, 0x77, 0xD7, 0xD7, 0xD7, 0x77, 0xD7, 0xD7, 
  /*2450:*/ 0x7D, 0x77, 0xD7, 0x77, 0x77, 0x77, 0xD7, 0x7D, 0x77, 0x77, 0x73, 0x22, 0x22, 0x00, 0x00, 0x00, 
  /*2460:*/ 0x12, 0x21, 0x22, 0x12, 0x12, 0x21, 0x21, 0x23, 0x12, 0x32, 0x23, 0x01, 0x01, 0x21, 0x02, 0x68, 
  /*2470:*/ 0xBE, 0xFF, 0xFF, 0xFF, 0xFF, 0xFF, 0xFF, 0xFF, 0xFF, 0xFF, 0xFF, 0xFF, 0xFF, 0xFF, 0xFF, 0xFF, 
  /*2480:*/ 0xFF, 0xFF, 0xFF, 0xFF, 0xFF, 0xFF, 0xFF, 0xFF, 0xFF, 0xFF, 0xFF, 0xFF, 0xFF, 0xFF, 0xFF, 0xFF, 
  /*2490:*/ 0xFF, 0xFF, 0xFF, 0xFF, 0xFF, 0xBB, 0xB3, 0x33, 0x11, 0x00, 0x00, 0x21, 0x21, 0x45, 0x7D, 0x77, 
  /*24A0:*/ 0x77, 0xD7, 0x77, 0xD7, 0x7D, 0x77, 0x77, 0x7D, 0x77, 0x67, 0xD7, 0x77, 0xD7, 0xD7, 0x77, 0x77, 
  /*24B0:*/ 0x77, 0x77, 0x77, 0x77, 0xD7, 0xD6, 0x76, 0xD7, 0xD7, 0xD7, 0x77, 0x76, 0x76, 0xD7, 0xD7, 0x77, 
  /*24C0:*/ 0xDD, 0x77, 0x77, 0xD7, 0x7D, 0x77, 0x77, 0x77, 0x7D, 0xD7, 0x77, 0xD7, 0x7D, 0x7D, 0x77, 0x77, 
  /*24D0:*/ 0xD7, 0x77, 0x7D, 0x77, 0xD7, 0x77, 0x7D, 0x77, 0x77, 0x77, 0x73, 0x20, 0x21, 0x00, 0x00, 0x01, 
  /*24E0:*/ 0x23, 0x12, 0x10, 0x23, 0x21, 0x22, 0x32, 0x12, 0x21, 0x21, 0x21, 0x22, 0x21, 0x22, 0x12, 0x86, 
  /*24F0:*/ 0xBE, 0xEF, 0xFF, 0xFF, 0xFF, 0xFF, 0xFF, 0xFF, 0xFF, 0xFF, 0xFF, 0xFF, 0xFF, 0xFF, 0xFF, 0xFF, 
  /*2500:*/ 0xFF, 0xFF, 0xFF, 0xFF, 0xFF, 0xFF, 0xFF, 0xFF, 0xFF, 0xFF, 0xFF, 0xFF, 0xFF, 0xFF, 0xFF, 0xFF, 
  /*2510:*/ 0xFF, 0xFF, 0xFF, 0xFF, 0xFF, 0xB8, 0xB4, 0x32, 0x21, 0x00, 0x00, 0x14, 0x22, 0x45, 0x77, 0x77, 
  /*2520:*/ 0xD7, 0x77, 0xD7, 0x7D, 0x77, 0x77, 0xB7, 0x77, 0x7D, 0x7D, 0x77, 0x7B, 0x77, 0x7D, 0xD7, 0xD7, 
  /*2530:*/ 0xD7, 0xD7, 0x7B, 0x7D, 0x77, 0xD7, 0xD7, 0xDD, 0x7D, 0xD7, 0xDD, 0xDD, 0xDD, 0x7D, 0x7D, 0xD7, 
  /*2540:*/ 0xDD, 0xDD, 0xD7, 0xDD, 0x7D, 0x77, 0xB7, 0xDD, 0x77, 0x7D, 0x7D, 0x7D, 0x7D, 0x77, 0xD7, 0xD7, 
  /*2550:*/ 0x77, 0xD7, 0x77, 0x77, 0x77, 0xD7, 0xD7, 0x77, 0x77, 0x77, 0x73, 0x20, 0x22, 0x00, 0x00, 0x00, 
  /*2560:*/ 0x21, 0x21, 0x21, 0x21, 0x21, 0x21, 0x12, 0x21, 0x22, 0x32, 0x23, 0x12, 0x22, 0x12, 0x22, 0x8B, 
  /*2570:*/ 0x8E, 0xFF, 0xFF, 0xFF, 0xFF, 0xFF, 0xFF, 0xFF, 0xFF, 0xFF, 0xFF, 0xFF, 0xFF, 0xFF, 0xFF, 0xFF, 
  /*2580:*/ 0xFF, 0xFF, 0xFF, 0xFF, 0xFF, 0xFF, 0xFF, 0xFF, 0xFF, 0xFF, 0xFF, 0xFF, 0xFF, 0xFF, 0xFF, 0xFF, 
  /*2590:*/ 0xFF, 0xFF, 0xFF, 0xFF, 0xFF, 0xBB, 0x85, 0x13, 0x12, 0x00, 0x00, 0x22, 0x22, 0x45, 0x77, 0x77, 
  /*25A0:*/ 0x77, 0x77, 0x77, 0x77, 0xD7, 0x77, 0x77, 0xBD, 0x77, 0xD7, 0x77, 0x77, 0x7B, 0x77, 0x77, 0xD7, 
  /*25B0:*/ 0xD7, 0xD7, 0xD7, 0xD7, 0xDD, 0x7D, 0x7D, 0x7D, 0xD7, 0xDD, 0x7D, 0x77, 0xD7, 0xDD, 0xD7, 0xDD, 
  /*25C0:*/ 0x7D, 0x77, 0xD7, 0xD7, 0xD7, 0xDD, 0x7D, 0x77, 0xD7, 0xD7, 0xD7, 0x77, 0xD7, 0x7D, 0x77, 0x77, 
  /*25D0:*/ 0xD7, 0x7D, 0x77, 0xD7, 0x7D, 0x77, 0x77, 0x77, 0x77, 0x67, 0x74, 0x20, 0x22, 0x00, 0x00, 0x01, 
  /*25E0:*/ 0x21, 0x32, 0x20, 0x33, 0x34, 0x44, 0x33, 0x45, 0x34, 0x44, 0x44, 0x22, 0x12, 0x21, 0x20, 0x68, 
  /*25F0:*/ 0xBE, 0xFF, 0xFF, 0xFF, 0xFF, 0xFF, 0xFF, 0xFF, 0xFF, 0xFF, 0xFF, 0xFF, 0xFF, 0xFF, 0xFF, 0xFF, 
  /*2600:*/ 0xFF, 0xFF, 0xFF, 0xFF, 0xFF, 0xFF, 0xFF, 0xFF, 0xFF, 0xFF, 0xFF, 0xFF, 0xFF, 0xFF, 0xFF, 0xFF, 
  /*2610:*/ 0xFF, 0xFF, 0xFF, 0xFF, 0xFF, 0xBB, 0x93, 0x31, 0x30, 0x00, 0x00, 0x13, 0x12, 0x45, 0x7D, 0x77, 
  /*2620:*/ 0x77, 0xD7, 0xD7, 0xD7, 0x77, 0xD7, 0x77, 0x77, 0xD7, 0x77, 0x7B, 0x7B, 0x77, 0x7B, 0x7D, 0x77, 
  /*2630:*/ 0xD7, 0x7D, 0x7D, 0x7D, 0x77, 0xD7, 0xD7, 0xD7, 0xDD, 0x7D, 0x7D, 0x7D, 0x7D, 0x7D, 0x7D, 0x7D, 
  /*2640:*/ 0xD7, 0xD7, 0xD7, 0xD7, 0xD7, 0xD7, 0xD7, 0xDD, 0x7D, 0x7D, 0x7D, 0x7D, 0x77, 0xD7, 0x7D, 0x7D, 
  /*2650:*/ 0x77, 0x77, 0x7D, 0x77, 0x77, 0x7D, 0x7D, 0x77, 0xD7, 0x77, 0x73, 0x22, 0x02, 0x00, 0x00, 0x00, 
  /*2660:*/ 0x12, 0x21, 0x22, 0x35, 0x48, 0x64, 0x44, 0x48, 0x34, 0x44, 0x44, 0x30, 0x11, 0x22, 0x11, 0x8B, 
  /*2670:*/ 0x9E, 0xEF, 0xFF, 0xFF, 0xFF, 0xFF, 0xFF, 0xFF, 0xFF, 0xFF, 0xFF, 0xFF, 0xFF, 0xFF, 0xFF, 0xFF, 
  /*2680:*/ 0xFF, 0xFF, 0xFF, 0xFF, 0xFF, 0xFF, 0xFF, 0xFF, 0xFF, 0xFF, 0xFF, 0xFF, 0xFF, 0xFF, 0xFF, 0xFF, 
  /*2690:*/ 0xFF, 0xFF, 0xFF, 0xFF, 0xFF, 0xB9, 0xB8, 0x03, 0x21, 0x00, 0x00, 0x22, 0x22, 0x35, 0x77, 0x77, 
  /*26A0:*/ 0x7D, 0x77, 0x77, 0x77, 0xB7, 0x77, 0xB6, 0xD7, 0x77, 0xD7, 0xD7, 0x77, 0x7B, 0x77, 0x77, 0xD7, 
  /*26B0:*/ 0x7D, 0x77, 0xD7, 0x7D, 0x7D, 0x7D, 0x7D, 0xD7, 0xD7, 0xD7, 0xDD, 0x7D, 0xD7, 0xDD, 0xDD, 0xD7, 
  /*26C0:*/ 0xD7, 0xDD, 0x7D, 0x7D, 0x7D, 0x7D, 0x7D, 0x77, 0xD7, 0x7D, 0x77, 0xD7, 0x7D, 0x77, 0xD7, 0x77, 
  /*26D0:*/ 0xD7, 0xD7, 0x77, 0x7D, 0x7D, 0x77, 0x77, 0x77, 0x77, 0x7D, 0x72, 0x20, 0x22, 0x00, 0x00, 0x01, 
  /*26E0:*/ 0x23, 0x12, 0x12, 0x13, 0x22, 0x13, 0x23, 0x22, 0x33, 0x13, 0x33, 0x01, 0x22, 0x12, 0x20, 0x68, 
  /*26F0:*/ 0xBE, 0xEF, 0xFF, 0xFF, 0xFF, 0xFF, 0xFF, 0xFF, 0xFF, 0xFF, 0xFF, 0xFF, 0xFF, 0xFF, 0xFF, 0xFF, 
  /*2700:*/ 0xFF, 0xFF, 0xFF, 0xFF, 0xFF, 0xFF, 0xFF, 0xFF, 0xFF, 0xFF, 0xFF, 0xFF, 0xFF, 0xFF, 0xFF, 0xFF, 
  /*2710:*/ 0xFF, 0xFF, 0xFF, 0xFF, 0xFF, 0xB8, 0xB3, 0x23, 0x21, 0x00, 0x00, 0x14, 0x22, 0x35, 0x77, 0x77, 
  /*2720:*/ 0x77, 0xD7, 0x7B, 0x77, 0x77, 0xD7, 0x77, 0x77, 0xB7, 0x77, 0x7D, 0x7B, 0x77, 0x7B, 0xD7, 0x7D, 
  /*2730:*/ 0x7D, 0x7D, 0x7D, 0x7D, 0x7D, 0x7D, 0x7D, 0x7D, 0xD7, 0xDD, 0x7D, 0x7D, 0x7D, 0xD7, 0xD7, 0xD7, 
  /*2740:*/ 0xDD, 0x7D, 0x7D, 0x7D, 0x7D, 0x7D, 0x7D, 0xD7, 0xD7, 0xD7, 0xD7, 0x7D, 0x77, 0xD7, 0x77, 0xD7, 
  /*2750:*/ 0x77, 0x7D, 0x77, 0x77, 0x77, 0xD7, 0xD7, 0x7D, 0x77, 0x77, 0x74, 0x22, 0x12, 0x00, 0x00, 0x00, 
  /*2760:*/ 0x12, 0x22, 0x10, 0x21, 0x12, 0x21, 0x21, 0x21, 0x12, 0x22, 0x12, 0x21, 0x21, 0x21, 0x21, 0x8B, 
  /*2770:*/ 0x9E, 0xEF, 0xFF, 0xFF, 0xFF, 0xFF, 0xFF, 0xFF, 0xFF, 0xFF, 0xFF, 0xFF, 0xFF, 0xFF, 0xFF, 0xFF, 
  /*2780:*/ 0xFF, 0xFF, 0xFF, 0xFF, 0xFF, 0xFF, 0xFF, 0xFF, 0xFF, 0xFF, 0xFF, 0xFF, 0xFF, 0xFF, 0xFF, 0xFF, 
  /*2790:*/ 0xFF, 0xFF, 0xFF, 0xFF, 0xFF, 0xEB, 0x86, 0x12, 0x30, 0x00, 0x00, 0x22, 0x12, 0x34, 0x77, 0x7D, 
  /*27A0:*/ 0x77, 0x77, 0x77, 0xD7, 0x77, 0x77, 0xD7, 0xD7, 0x77, 0xB7, 0xD7, 0x77, 0x7B, 0x77, 0x7D, 0x77, 
  /*27B0:*/ 0xD7, 0x7D, 0x7D, 0x7D, 0x7D, 0x7D, 0xD7, 0xD7, 0xDD, 0x7D, 0x7D, 0x7D, 0xD7, 0xD7, 0xDD, 0x7D, 
  /*27C0:*/ 0x7D, 0x7D, 0x7D, 0x7D, 0xD7, 0xD7, 0xD7, 0xD7, 0x7D, 0x77, 0x7D, 0x77, 0xD7, 0x7D, 0x7D, 0x77, 
  /*27D0:*/ 0xD7, 0x77, 0x7D, 0x7D, 0x7D, 0x77, 0x7D, 0x77, 0x77, 0x77, 0x72, 0x20, 0x02, 0x00, 0x00, 0x01, 
  /*27E0:*/ 0x22, 0x12, 0x12, 0x12, 0x23, 0x12, 0x21, 0x32, 0x21, 0x32, 0x12, 0x12, 0x12, 0x12, 0x22, 0x68, 
  /*27F0:*/ 0xBE, 0xEF, 0xFF, 0xFF, 0xFF, 0xFF, 0xFF, 0xFF, 0xFF, 0xFF, 0xFF, 0xFF, 0xFF, 0xFF, 0xFF, 0xFF, 
  /*2800:*/ 0xFF, 0xFF, 0xFF, 0xFF, 0xFF, 0xFF, 0xFF, 0xFF, 0xFF, 0xFF, 0xFF, 0xFF, 0xFF, 0xFF, 0xFF, 0xFF, 
  /*2810:*/ 0xFF, 0xFF, 0xFF, 0xFF, 0xFF, 0xBB, 0x98, 0x03, 0x21, 0x00, 0x00, 0x12, 0x22, 0x45, 0x77, 0x77, 
  /*2820:*/ 0x77, 0xD7, 0xD7, 0x7D, 0x77, 0x77, 0x77, 0x77, 0x77, 0x77, 0xD7, 0xDD, 0x7D, 0x7D, 0x77, 0xB7, 
  /*2830:*/ 0xD7, 0xB7, 0xD7, 0xD7, 0xD7, 0xD7, 0xDD, 0x7D, 0x7D, 0x7D, 0x7D, 0xD7, 0xD7, 0xDD, 0x7D, 0xD7, 
  /*2840:*/ 0xD7, 0xD7, 0xD7, 0xD7, 0xD7, 0xD7, 0xD7, 0xD7, 0xD7, 0xD7, 0xD7, 0x7D, 0x77, 0x7D, 0x77, 0x7D, 
  /*2850:*/ 0x77, 0xD7, 0x77, 0x77, 0x77, 0xD7, 0x77, 0x77, 0xD7, 0x77, 0x73, 0x20, 0x22, 0x00, 0x00, 0x00, 
  /*2860:*/ 0x13, 0x12, 0x20, 0x23, 0x11, 0x22, 0x12, 0x22, 0x12, 0x12, 0x31, 0x22, 0x02, 0x12, 0x12, 0x8B, 
  /*2870:*/ 0xBB, 0xEF, 0xFF, 0xFF, 0xFF, 0xFF, 0xFF, 0xFF, 0xFF, 0xFF, 0xFF, 0xFF, 0xFF, 0xFF, 0xFF, 0xFF, 
  /*2880:*/ 0xFF, 0xFF, 0xFF, 0xFF, 0xFF, 0xFF, 0xFF, 0xFF, 0xFF, 0xFF, 0xFF, 0xFF, 0xFF, 0xFF, 0xFF, 0xFF, 
  /*2890:*/ 0xFF, 0xFF, 0xFF, 0xFF, 0xFF, 0xBB, 0x84, 0x32, 0x30, 0x00, 0x00, 0x21, 0x32, 0x24, 0xD7, 0x77, 
  /*28A0:*/ 0x77, 0x77, 0x77, 0x77, 0xD7, 0x7B, 0x7B, 0x7D, 0x7B, 0x77, 0x77, 0x77, 0xD7, 0xD7, 0xD7, 0xD7, 
  /*28B0:*/ 0xD7, 0x7D, 0x7D, 0x7D, 0x7D, 0xD7, 0xD7, 0xD7, 0xD7, 0xD7, 0xD7, 0xD7, 0xDD, 0xD7, 0xDD, 0x7D, 
  /*28C0:*/ 0xD7, 0xD7, 0xD7, 0xDD, 0x7D, 0x7D, 0x7D, 0x7D, 0x7D, 0x77, 0xD7, 0x77, 0xD7, 0xD7, 0x7D, 0x77, 
  /*28D0:*/ 0x7D, 0x77, 0xD7, 0xD7, 0xD7, 0x7D, 0x7D, 0x77, 0x77, 0x77, 0x72, 0x22, 0x02, 0x00, 0x00, 0x01, 
  /*28E0:*/ 0x22, 0x12, 0x10, 0x22, 0x22, 0x12, 0x31, 0x21, 0x23, 0x21, 0x22, 0x12, 0x12, 0x12, 0x22, 0x86, 
  /*28F0:*/ 0xBE, 0xEF, 0xFF, 0xFF, 0xFF, 0xFF, 0xFF, 0xFF, 0xFF, 0xFF, 0xFF, 0xFF, 0xFF, 0xFF, 0xFF, 0xFF, 
  /*2900:*/ 0xFF, 0xFF, 0xFF, 0xFF, 0xFF, 0xFF, 0xFF, 0xFF, 0xFF, 0xFF, 0xFF, 0xFF, 0xFF, 0xFF, 0xFF, 0xFF, 
  /*2910:*/ 0xFF, 0xFF, 0xFF, 0xFF, 0xFF, 0xE9, 0xB6, 0x12, 0x12, 0x00, 0x00, 0x12, 0x22, 0x34, 0x77, 0x77, 
  /*2920:*/ 0x6D, 0x77, 0xD7, 0x77, 0x7B, 0x77, 0x77, 0x77, 0x77, 0x7B, 0x6D, 0x7D, 0x77, 0xD7, 0xD7, 0xD7, 
  /*2930:*/ 0xD7, 0xDD, 0x7D, 0xD7, 0xD7, 0xD7, 0xD7, 0xDD, 0x7D, 0x7D, 0xD7, 0xDD, 0x7D, 0x7D, 0xD7, 0xD7, 
  /*2940:*/ 0xD7, 0xDD, 0x7D, 0x7D, 0x7D, 0x7D, 0xD7, 0xD7, 0xD7, 0xD7, 0xD7, 0xB7, 0x7D, 0x77, 0x77, 0xD7, 
  /*2950:*/ 0xD7, 0x77, 0xD7, 0x77, 0x7D, 0x77, 0x77, 0xD7, 0xD7, 0x77, 0x73, 0x02, 0x12, 0x00, 0x00, 0x01, 
  /*2960:*/ 0x22, 0x12, 0x22, 0x13, 0x12, 0x21, 0x22, 0x12, 0x12, 0x12, 0x12, 0x12, 0x12, 0x12, 0x12, 0x8B, 
  /*2970:*/ 0x8E, 0xEF, 0xFF, 0xFF, 0xFF, 0xFF, 0xFF, 0xFF, 0xFF, 0xFF, 0xFF, 0xFF, 0xFF, 0xFF, 0xFF, 0xFF, 
  /*2980:*/ 0xFF, 0xFF, 0xFF, 0xFF, 0xFF, 0xFF, 0xFF, 0xFF, 0xFF, 0xFF, 0xFF, 0xFF, 0xFF, 0xFF, 0xFF, 0xFF, 
  /*2990:*/ 0xFF, 0xFF, 0xFF, 0xFF, 0xFF, 0xE9, 0x86, 0x13, 0x21, 0x10, 0x00, 0x12, 0x22, 0x25, 0x77, 0x75, 
  /*29A0:*/ 0x76, 0x66, 0x66, 0x76, 0x66, 0x76, 0x66, 0x76, 0xD6, 0x77, 0x7D, 0x66, 0x67, 0x76, 0x67, 0x76, 
  /*29B0:*/ 0x76, 0xD7, 0x67, 0xD7, 0x67, 0xD7, 0xD7, 0xD7, 0x77, 0xD7, 0x77, 0xD7, 0xD7, 0xD7, 0xDD, 0x7D, 
  /*29C0:*/ 0x7D, 0x77, 0x77, 0xD7, 0x77, 0xD7, 0xD7, 0x77, 0x67, 0x67, 0x66, 0x7D, 0x77, 0x66, 0x66, 0x66, 
  /*29D0:*/ 0x76, 0x67, 0x67, 0x66, 0x75, 0x66, 0x77, 0x77, 0x77, 0x7B, 0x72, 0x20, 0x22, 0x00, 0x00, 0x00, 
  /*29E0:*/ 0x12, 0x21, 0x21, 0x22, 0x12, 0x12, 0x12, 0x13, 0x22, 0x12, 0x21, 0x22, 0x12, 0x12, 0x12, 0x6B, 
  /*29F0:*/ 0xBE, 0xEF, 0xFF, 0xFF, 0xFF, 0xFF, 0xFF, 0xFF, 0xFF, 0xFF, 0xFF, 0xFF, 0xFF, 0xFF, 0xFF, 0xFF, 
  /*2A00:*/ 0xFF, 0xFF, 0xFF, 0xFF, 0xFF, 0xFF, 0xFF, 0xFF, 0xFF, 0xFF, 0xFF, 0xFF, 0xFF, 0xFF, 0xFF, 0xFF, 
  /*2A10:*/ 0xFF, 0xFF, 0xFF, 0xFF, 0xFF, 0xEB, 0x86, 0x12, 0x32, 0x00, 0x00, 0x02, 0x21, 0x24, 0xD7, 0x74, 
  /*2A20:*/ 0x65, 0x65, 0x67, 0x65, 0x65, 0x65, 0x75, 0x66, 0x66, 0x77, 0x77, 0x66, 0x75, 0x66, 0x75, 0x65, 
  /*2A30:*/ 0x6D, 0x76, 0x76, 0x76, 0x76, 0x7D, 0x7D, 0x75, 0xB5, 0x66, 0x66, 0x76, 0x75, 0x7D, 0x7D, 0x66, 
  /*2A40:*/ 0x67, 0x66, 0x67, 0xD6, 0x66, 0x7D, 0x7D, 0xD6, 0x6D, 0x57, 0x67, 0x7D, 0x7D, 0x56, 0x66, 0x57, 
  /*2A50:*/ 0x76, 0x76, 0x77, 0x66, 0x76, 0x74, 0x77, 0x7D, 0x7D, 0x77, 0x72, 0x00, 0x22, 0x00, 0x00, 0x01, 
  /*2A60:*/ 0x21, 0x12, 0x10, 0x22, 0x13, 0x22, 0x32, 0x21, 0x21, 0x23, 0x12, 0x12, 0x12, 0x21, 0x22, 0x8B, 
  /*2A70:*/ 0x8F, 0xFF, 0xFF, 0xFF, 0xFF, 0xFF, 0xFF, 0xFF, 0xFF, 0xFF, 0xFF, 0xFF, 0xFF, 0xFF, 0xFF, 0xFF, 
  /*2A80:*/ 0xFF, 0xFF, 0xFF, 0xFF, 0xFF, 0xFF, 0xFF, 0xFF, 0xFF, 0xFF, 0xFF, 0xFF, 0xFF, 0xFF, 0xFF, 0xFF, 
  /*2A90:*/ 0xFF, 0xFF, 0xFF, 0xFF, 0xFF, 0xBB, 0x86, 0x13, 0x20, 0x00, 0x00, 0x11, 0x12, 0x24, 0x77, 0x76, 
  /*2AA0:*/ 0x76, 0x75, 0x76, 0x76, 0x75, 0x75, 0x65, 0x77, 0x57, 0x77, 0x77, 0x65, 0x77, 0x65, 0x66, 0x76, 
  /*2AB0:*/ 0x77, 0x77, 0x75, 0x76, 0xD5, 0x77, 0xD7, 0x75, 0x66, 0x65, 0xD5, 0x6D, 0x57, 0xDD, 0x7D, 0x76, 
  /*2AC0:*/ 0x67, 0x66, 0x7D, 0x77, 0x5D, 0x7D, 0x7D, 0x77, 0x67, 0x57, 0x56, 0x77, 0x77, 0x56, 0x57, 0x57, 
  /*2AD0:*/ 0x67, 0x66, 0x77, 0x66, 0x76, 0x77, 0x77, 0xD7, 0x77, 0x77, 0x72, 0x20, 0x01, 0x00, 0x00, 0x01, 
  /*2AE0:*/ 0x22, 0x12, 0x22, 0x12, 0x22, 0x12, 0x21, 0x22, 0x12, 0x22, 0x12, 0x22, 0x12, 0x12, 0x12, 0x8B, 
  /*2AF0:*/ 0xBE, 0xEF, 0xFF, 0xFF, 0xFF, 0xFF, 0xFF, 0xFF, 0xFF, 0xFF, 0xFF, 0xFF, 0xFF, 0xFF, 0xFF, 0xFF, 
  /*2B00:*/ 0xFF, 0xFF, 0xFF, 0xFF, 0xFF, 0xFF, 0xFF, 0xFF, 0xFF, 0xFF, 0xFF, 0xFF, 0xFF, 0xFF, 0xFF, 0xFF, 
  /*2B10:*/ 0xFF, 0xFF, 0xFF, 0xFF, 0xFF, 0xE9, 0xB8, 0x02, 0x31, 0x10, 0x00, 0x00, 0x00, 0x14, 0x77, 0x77, 
  /*2B20:*/ 0x77, 0x77, 0x77, 0x77, 0x77, 0x77, 0x77, 0x77, 0x77, 0x77, 0xB7, 0xD7, 0x7D, 0x77, 0x77, 0x76, 
  /*2B30:*/ 0x76, 0xD7, 0x67, 0xD7, 0x77, 0x7B, 0x7D, 0x77, 0xD7, 0x77, 0x77, 0x7D, 0x77, 0xD7, 0xD7, 0x77, 
  /*2B40:*/ 0xD7, 0x77, 0x77, 0xD7, 0x7D, 0x7D, 0xD7, 0xD7, 0x7D, 0x77, 0x77, 0xDD, 0x7D, 0x77, 0x77, 0x77, 
  /*2B50:*/ 0xD7, 0x77, 0x77, 0x77, 0x77, 0x77, 0x7D, 0x77, 0x7D, 0x77, 0x73, 0x00, 0x22, 0x00, 0x00, 0x01, 
  /*2B60:*/ 0x21, 0x21, 0x10, 0x23, 0x12, 0x31, 0x21, 0x23, 0x21, 0x32, 0x12, 0x12, 0x12, 0x21, 0x22, 0x68, 
  /*2B70:*/ 0xBE, 0xEF, 0xFF, 0xFF, 0xFF, 0xFF, 0xFF, 0xFF, 0xFF, 0xFF, 0xFF, 0xFF, 0xFF, 0xFF, 0xFF, 0xFF, 
  /*2B80:*/ 0xFF, 0xFF, 0xFF, 0xFF, 0xFF, 0xFF, 0xFF, 0xFF, 0xFF, 0xFF, 0xFF, 0xFF, 0xFF, 0xFF, 0xFF, 0xFF, 
  /*2B90:*/ 0xFF, 0xFF, 0xFF, 0xFF, 0xFF, 0xEB, 0x86, 0x12, 0x30, 0x00, 0x00, 0x12, 0x20, 0x24, 0x77, 0x77, 
  /*2BA0:*/ 0x77, 0x77, 0x77, 0x77, 0x77, 0x77, 0x77, 0x77, 0x77, 0x77, 0x7D, 0x77, 0xD7, 0x7D, 0x7D, 0xD7, 
  /*2BB0:*/ 0xDD, 0x7D, 0xD7, 0xDD, 0x7B, 0x7D, 0x7D, 0xD7, 0xD7, 0xDD, 0xDD, 0x7D, 0xD7, 0xD7, 0xDD, 0x7D, 
  /*2BC0:*/ 0x7D, 0xD7, 0xDD, 0x7D, 0x7D, 0xD7, 0xD7, 0xD7, 0xD7, 0xD7, 0xD7, 0x7D, 0x77, 0xD7, 0xD7, 0xD7, 
  /*2BD0:*/ 0x7D, 0x7D, 0x7D, 0x77, 0xD7, 0xD7, 0xD7, 0x77, 0x77, 0x67, 0x73, 0x32, 0x02, 0x00, 0x00, 0x00, 
  /*2BE0:*/ 0x12, 0x30, 0x21, 0x22, 0x12, 0x12, 0x12, 0x12, 0x12, 0x21, 0x32, 0x21, 0x21, 0x22, 0x12, 0x8B, 
  /*2BF0:*/ 0xBE, 0xEF, 0xFF, 0xFF, 0xFF, 0xFF, 0xFF, 0xFF, 0xFF, 0xFF, 0xFF, 0xFF, 0xFF, 0xFF, 0xFF, 0xFF, 
  /*2C00:*/ 0xFF, 0xFF, 0xFF, 0xFF, 0xFF, 0xFF, 0xFF, 0xFF, 0xFF, 0xFF, 0xFF, 0xFF, 0xFF, 0xFF, 0xFF, 0xFF, 
  /*2C10:*/ 0xFF, 0xFF, 0xFF, 0xFF, 0xFF, 0xE9, 0x86, 0x13, 0x21, 0x10, 0x00, 0x03, 0x22, 0x24, 0x84, 0x86, 
  /*2C20:*/ 0x66, 0x66, 0x76, 0x76, 0x65, 0x66, 0x66, 0x67, 0xB7, 0xBB, 0x6D, 0x76, 0x77, 0x77, 0x67, 0x77, 
  /*2C30:*/ 0x7D, 0x77, 0xD7, 0x7D, 0xDD, 0xDD, 0xD7, 0xD7, 0xD7, 0xD7, 0x77, 0xD7, 0x7D, 0x7D, 0x77, 0xD7, 
  /*2C40:*/ 0xD7, 0xD7, 0xD7, 0xD7, 0xD7, 0x7D, 0x7D, 0x7D, 0xD7, 0xD7, 0xBD, 0x77, 0x76, 0x77, 0x77, 0x7B, 
  /*2C50:*/ 0x99, 0x99, 0x96, 0xB8, 0xB8, 0x68, 0x68, 0x88, 0x38, 0x83, 0x93, 0x23, 0x21, 0x00, 0x00, 0x01, 
  /*2C60:*/ 0x21, 0x22, 0x21, 0x23, 0x21, 0x23, 0x21, 0x23, 0x21, 0x22, 0x12, 0x21, 0x21, 0x21, 0x22, 0xB8, 
  /*2C70:*/ 0xBE, 0xEF, 0xFF, 0xFF, 0xFF, 0xFF, 0xFF, 0xFF, 0xFF, 0xFF, 0xFF, 0xFF, 0xFF, 0xFF, 0xFF, 0xFF, 
  /*2C80:*/ 0xFF, 0xFF, 0xFF, 0xFF, 0xFF, 0xFF, 0xFF, 0xFF, 0xFF, 0xFF, 0xFF, 0xFF, 0xFF, 0xFF, 0xFF, 0xFF, 
  /*2C90:*/ 0xFF, 0xFF, 0xFF, 0xFF, 0xFF, 0xEB, 0xB8, 0x03, 0x22, 0x00, 0x00, 0x14, 0x32, 0x34, 0x88, 0x38, 
  /*2CA0:*/ 0x86, 0x86, 0x86, 0x60, 0x02, 0x20, 0x02, 0x28, 0x88, 0x88, 0x88, 0x86, 0x36, 0x36, 0x36, 0x36, 
  /*2CB0:*/ 0x99, 0x99, 0x99, 0x5E, 0xBE, 0xBB, 0xEE, 0xB5, 0x55, 0x55, 0x55, 0x56, 0x66, 0x66, 0x66, 0x66, 
  /*2CC0:*/ 0x9A, 0xAA, 0x9A, 0x98, 0x88, 0x88, 0x88, 0x8B, 0xBB, 0xBB, 0xBB, 0x65, 0x77, 0x57, 0x5A, 0x98, 
  /*2CD0:*/ 0x88, 0x88, 0x88, 0x88, 0x88, 0x88, 0x88, 0x38, 0x88, 0x38, 0x84, 0x24, 0x22, 0x00, 0x00, 0x01, 
  /*2CE0:*/ 0x22, 0x12, 0x10, 0x21, 0x23, 0x12, 0x22, 0x12, 0x22, 0x31, 0x23, 0x10, 0x21, 0x22, 0x13, 0x8B, 
  /*2CF0:*/ 0xBE, 0xEE, 0xFF, 0xFF, 0xFF, 0xFF, 0xFF, 0xFF, 0xFF, 0xFF, 0xFF, 0xFF, 0xFF, 0xFF, 0xFF, 0xFF, 
  /*2D00:*/ 0xFF, 0xFF, 0xFF, 0xFF, 0xFF, 0xFF, 0xFF, 0xFF, 0xFF, 0xFF, 0xFF, 0xFF, 0xFF, 0xFF, 0xFF, 0xFF, 
  /*2D10:*/ 0xFF, 0xFF, 0xFF, 0xFF, 0xFF, 0xE9, 0x86, 0x22, 0x31, 0x00, 0x00, 0x04, 0x24, 0x21, 0x83, 0x88, 
  /*2D20:*/ 0x86, 0x86, 0x88, 0x62, 0x02, 0x00, 0x20, 0x38, 0x88, 0x88, 0x88, 0x88, 0x33, 0x33, 0x33, 0x68, 
  /*2D30:*/ 0x5A, 0xA5, 0xAA, 0x9A, 0xFE, 0xEE, 0xEE, 0xE5, 0x55, 0x55, 0x55, 0x55, 0x63, 0x33, 0x83, 0x86, 
  /*2D40:*/ 0x8A, 0xAA, 0xA9, 0x88, 0x88, 0x88, 0x88, 0x8B, 0xBB, 0xBB, 0xBB, 0x57, 0x55, 0x55, 0x5A, 0x98, 
  /*2D50:*/ 0x88, 0x88, 0x88, 0x88, 0x88, 0x88, 0x88, 0x88, 0x88, 0x81, 0x92, 0x42, 0x40, 0x00, 0x00, 0x01, 
  /*2D60:*/ 0x21, 0x22, 0x21, 0x23, 0x12, 0x21, 0x23, 0x21, 0x23, 0x12, 0x12, 0x22, 0x12, 0x12, 0x22, 0x6B, 
  /*2D70:*/ 0x8F, 0xEF, 0xFF, 0xFF, 0xFF, 0xFF, 0xFF, 0xFF, 0xFF, 0xFF, 0xFF, 0xFF, 0xFF, 0xFF, 0xFF, 0xFF, 
  /*2D80:*/ 0xFF, 0xFF, 0xFF, 0xFF, 0xFF, 0xFF, 0xFF, 0xFF, 0xFF, 0xFF, 0xFF, 0xFF, 0xFF, 0xFF, 0xFF, 0xFF, 
  /*2D90:*/ 0xFF, 0xFF, 0xFF, 0xFF, 0xFF, 0xEB, 0xB8, 0x03, 0x22, 0x00, 0x00, 0x04, 0x20, 0x21, 0x88, 0x38, 
  /*2DA0:*/ 0x83, 0x83, 0x83, 0x62, 0x20, 0x20, 0x20, 0x28, 0x88, 0x88, 0x88, 0x83, 0x33, 0x36, 0x33, 0x36, 
  /*2DB0:*/ 0x9A, 0xAA, 0xAA, 0xAA, 0xEE, 0xEE, 0xEE, 0xE5, 0x55, 0x55, 0x55, 0x55, 0x66, 0x83, 0x36, 0x38, 
  /*2DC0:*/ 0xAA, 0xAA, 0xAA, 0x98, 0x88, 0x88, 0x88, 0x89, 0xBB, 0x9B, 0xBC, 0xA5, 0x55, 0x55, 0x5A, 0x98, 
  /*2DD0:*/ 0x88, 0x88, 0x88, 0x88, 0x88, 0x88, 0x88, 0x88, 0x88, 0x83, 0x84, 0x24, 0x22, 0x00, 0x00, 0x01, 
  /*2DE0:*/ 0x22, 0x31, 0x22, 0x12, 0x22, 0x21, 0x22, 0x13, 0x12, 0x21, 0x22, 0x12, 0x12, 0x21, 0x23, 0x8B, 
  /*2DF0:*/ 0xBE, 0xFF, 0xFF, 0xFF, 0xFF, 0xFF, 0xFF, 0xFF, 0xFF, 0xFF, 0xFF, 0xFF, 0xFF, 0xFF, 0xFF, 0xFF, 
  /*2E00:*/ 0xFF, 0xFF, 0xFF, 0xFF, 0xFF, 0xFF, 0xFF, 0xFF, 0xFF, 0xFF, 0xFF, 0xFF, 0xFF, 0xFF, 0xFF, 0xFF, 
  /*2E10:*/ 0xFF, 0xFF, 0xFF, 0xFF, 0xFF, 0xE9, 0x8B, 0x03, 0x21, 0x10, 0x00, 0x02, 0x00, 0x01, 0x88, 0x38, 
  /*2E20:*/ 0x88, 0x68, 0x68, 0x62, 0x00, 0x20, 0x02, 0x38, 0x88, 0x88, 0x88, 0x86, 0x36, 0x33, 0x33, 0x68, 
  /*2E30:*/ 0x8A, 0xAA, 0xAA, 0x9A, 0xEE, 0xEE, 0xEE, 0xE5, 0x55, 0x55, 0x55, 0x55, 0x63, 0x38, 0x38, 0x68, 
  /*2E40:*/ 0x9A, 0xAA, 0xA9, 0x88, 0x88, 0x88, 0x88, 0x89, 0xBB, 0xBB, 0x9B, 0xA5, 0x55, 0x55, 0x5A, 0xA8, 
  /*2E50:*/ 0x88, 0x88, 0x88, 0x88, 0x88, 0x88, 0x88, 0x38, 0x88, 0x88, 0x82, 0x42, 0x42, 0x00, 0x00, 0x01, 
  /*2E60:*/ 0x21, 0x21, 0x02, 0x12, 0x21, 0x32, 0x12, 0x22, 0x21, 0x22, 0x32, 0x12, 0x21, 0x21, 0x21, 0xB8, 
  /*2E70:*/ 0xBE, 0xEF, 0xFF, 0xFF, 0xFF, 0xFF, 0xFF, 0xFF, 0xFF, 0xFF, 0xFF, 0xFF, 0xFF, 0xFF, 0xFF, 0xFF, 
  /*2E80:*/ 0xFF, 0xFF, 0xFF, 0xFF, 0xFF, 0xFF, 0xFF, 0xFF, 0xFF, 0xFF, 0xFF, 0xFF, 0xFF, 0xFF, 0xFF, 0xFF, 
  /*2E90:*/ 0xFF, 0xFF, 0xFF, 0xFF, 0xFF, 0xEB, 0x68, 0x22, 0x32, 0x00, 0x00, 0x01, 0x02, 0x01, 0x38, 0x38, 
  /*2EA0:*/ 0x83, 0x83, 0x83, 0x62, 0x20, 0x20, 0x20, 0x28, 0xB8, 0x88, 0x8B, 0x88, 0x33, 0x33, 0x33, 0x63, 
  /*2EB0:*/ 0xAA, 0xAA, 0xAA, 0x9A, 0xEE, 0xEE, 0xEE, 0xE5, 0x55, 0x55, 0x55, 0x55, 0x63, 0x63, 0x33, 0x86, 
  /*2EC0:*/ 0x9A, 0xAA, 0xAA, 0x98, 0x88, 0x88, 0x88, 0x89, 0xBB, 0x9B, 0xBA, 0x55, 0x55, 0x5A, 0x5A, 0x98, 
  /*2ED0:*/ 0x88, 0x88, 0x88, 0x88, 0x88, 0x88, 0x88, 0x88, 0x88, 0x81, 0x91, 0x44, 0x22, 0x00, 0x00, 0x01, 
  /*2EE0:*/ 0x22, 0x12, 0x22, 0x12, 0x31, 0x22, 0x32, 0x12, 0x32, 0x12, 0x12, 0x21, 0x21, 0x30, 0x23, 0x8B, 
  /*2EF0:*/ 0xBE, 0xEF, 0xFF, 0xFF, 0xFF, 0xFF, 0xFF, 0xFF, 0xFF, 0xFF, 0xFF, 0xFF, 0xFF, 0xFF, 0xFF, 0xFF, 
  /*2F00:*/ 0xFF, 0xFF, 0xFF, 0xFF, 0xFF, 0xFF, 0xFF, 0xFF, 0xFF, 0xFF, 0xFF, 0xFF, 0xFF, 0xFF, 0xFF, 0xFF, 
  /*2F10:*/ 0xFF, 0xFF, 0xFF, 0xFF, 0xFF, 0xE9, 0xB8, 0x23, 0x21, 0x00, 0x00, 0x00, 0x10, 0x01, 0x88, 0x88, 
  /*2F20:*/ 0x86, 0x38, 0x68, 0x62, 0x20, 0x22, 0x02, 0x28, 0x88, 0x88, 0x88, 0x83, 0x33, 0x63, 0x63, 0x38, 
  /*2F30:*/ 0x9A, 0x9A, 0x9A, 0x9A, 0xEE, 0xEE, 0xEE, 0xE5, 0x55, 0x55, 0x55, 0x55, 0x63, 0x83, 0x83, 0x68, 
  /*2F40:*/ 0x5A, 0xAA, 0xAA, 0x88, 0x88, 0x88, 0x88, 0x89, 0xBB, 0xBB, 0xBE, 0xA5, 0x55, 0x55, 0x5A, 0xA8, 
  /*2F50:*/ 0x88, 0x88, 0x88, 0x88, 0x88, 0x88, 0x88, 0x88, 0x88, 0x83, 0x84, 0x24, 0x42, 0x00, 0x00, 0x00, 
  /*2F60:*/ 0x21, 0x22, 0x10, 0x23, 0x02, 0x21, 0x21, 0x32, 0x12, 0x31, 0x23, 0x02, 0x12, 0x21, 0x23, 0xB8, 
  /*2F70:*/ 0xBE, 0xEF, 0xFF, 0xFF, 0xFF, 0xFF, 0xFF, 0xFF, 0xFF, 0xFF, 0xFF, 0xFF, 0xFF, 0xFF, 0xFF, 0xFF, 
  /*2F80:*/ 0xFF, 0xFF, 0xFF, 0xFF, 0xFF, 0xFF, 0xFF, 0xFF, 0xFF, 0xFF, 0xFF, 0xFF, 0xFF, 0xFF, 0xFF, 0xFF, 
  /*2F90:*/ 0xFF, 0xFF, 0xFF, 0xFF, 0xFF, 0xE9, 0xBB, 0x02, 0x32, 0x01, 0x00, 0x01, 0x00, 0x21, 0x48, 0x48, 
  /*2FA0:*/ 0x38, 0x66, 0x83, 0x62, 0x22, 0x22, 0x22, 0x28, 0x88, 0x88, 0x88, 0x88, 0x33, 0x33, 0x36, 0x36, 
  /*2FB0:*/ 0x9A, 0xAA, 0x9A, 0x9A, 0xEE, 0xEE, 0xEE, 0xE5, 0x55, 0x55, 0x55, 0x55, 0x66, 0x36, 0x38, 0x38, 
  /*2FC0:*/ 0xAA, 0xAA, 0xAA, 0x98, 0x88, 0x88, 0x88, 0x89, 0xB9, 0xB9, 0xBA, 0xA5, 0x5A, 0x5A, 0x5A, 0xA8, 
  /*2FD0:*/ 0x88, 0x88, 0x88, 0x88, 0x88, 0x88, 0x88, 0x84, 0x88, 0x88, 0x54, 0x42, 0x42, 0x00, 0x00, 0x01, 
  /*2FE0:*/ 0x23, 0x12, 0x21, 0x22, 0x13, 0x12, 0x12, 0x22, 0x12, 0x12, 0x21, 0x21, 0x22, 0x12, 0x12, 0x9B, 
  /*2FF0:*/ 0xBE, 0xEF, 0xFF, 0xFF, 0xFF, 0xFF, 0xFF, 0xFF, 0xFF, 0xFF, 0xFF, 0xFF, 0xFF, 0xFF, 0xFF, 0xFF, 
  /*3000:*/ 0xFF, 0xFF, 0xFF, 0xFF, 0xFF, 0xFF, 0xFF, 0xFF, 0xFF, 0xFF, 0xFF, 0xFF, 0xFF, 0xFF, 0xFF, 0xFF, 
  /*3010:*/ 0xFF, 0xFF, 0xFF, 0xFF, 0xFF, 0xF9, 0x8B, 0x03, 0x21, 0x10, 0x00, 0x01, 0x00, 0x01, 0x99, 0x97, 
  /*3020:*/ 0x76, 0x66, 0x66, 0xB6, 0x76, 0x67, 0x66, 0x6B, 0xBB, 0xBB, 0xBB, 0x86, 0x66, 0x66, 0x66, 0x66, 
  /*3030:*/ 0xAA, 0xAA, 0xAA, 0xAA, 0xCE, 0xBE, 0xBE, 0xC7, 0x55, 0x55, 0x55, 0x57, 0x66, 0x68, 0x66, 0x66, 
  /*3040:*/ 0xAA, 0xAA, 0xAA, 0xA8, 0x88, 0x88, 0x88, 0x8A, 0xBB, 0xBB, 0xCC, 0x7A, 0xA5, 0xAA, 0xAA, 0xAA, 
  /*3050:*/ 0x99, 0x89, 0x99, 0xBB, 0x6B, 0xB6, 0xB6, 0x9A, 0x9A, 0xA7, 0xA2, 0x24, 0x22, 0x00, 0x00, 0x01, 
  /*3060:*/ 0x21, 0x22, 0x10, 0x32, 0x22, 0x23, 0x22, 0x32, 0x13, 0x21, 0x32, 0x12, 0x21, 0x31, 0x23, 0x8B, 
  /*3070:*/ 0xBE, 0xEF, 0xFF, 0xFF, 0xFF, 0xFF, 0xFF, 0xFF, 0xFF, 0xFF, 0xFF, 0xFF, 0xFF, 0xFF, 0xFF, 0xFF, 
  /*3080:*/ 0xFF, 0xFF, 0xFF, 0xFF, 0xFF, 0xFF, 0xFF, 0xFF, 0xFF, 0xFF, 0xFF, 0xFF, 0xFF, 0xFF, 0xFF, 0xFF, 
  /*3090:*/ 0xFF, 0xFF, 0xFF, 0xFF, 0xFF, 0xFB, 0x8B, 0x22, 0x32, 0x00, 0x00, 0x00, 0x20, 0x02, 0x57, 0x77, 
  /*30A0:*/ 0x77, 0xD7, 0xD7, 0x77, 0x77, 0x77, 0x77, 0x77, 0x7B, 0x6B, 0x6B, 0x77, 0x77, 0xB6, 0x7B, 0x7B, 
  /*30B0:*/ 0x7A, 0xAA, 0xAA, 0xAC, 0xCC, 0x7C, 0xC7, 0xC7, 0x77, 0x77, 0x77, 0x77, 0x77, 0xB6, 0x7B, 0xBD, 
  /*30C0:*/ 0xCA, 0xAA, 0xAA, 0xAA, 0xAA, 0xAA, 0xAA, 0xCC, 0xCC, 0x7C, 0xC7, 0x77, 0x7A, 0x77, 0x77, 0x7A, 
  /*30D0:*/ 0x7A, 0x7C, 0x77, 0x6B, 0x7B, 0x6D, 0x7D, 0x7C, 0x77, 0x77, 0x55, 0x24, 0x42, 0x00, 0x00, 0x01, 
  /*30E0:*/ 0x22, 0x22, 0x22, 0x12, 0x31, 0x21, 0x21, 0x12, 0x22, 0x12, 0x32, 0x21, 0x21, 0x22, 0x13, 0xB8, 
  /*30F0:*/ 0xBE, 0xEF, 0xFF, 0xFF, 0xFF, 0xFF, 0xFF, 0xFF, 0xFF, 0xFF, 0xFF, 0xFF, 0xFF, 0xFF, 0xFF, 0xFF, 
  /*3100:*/ 0xFF, 0xFF, 0xFF, 0xFF, 0xFF, 0xFF, 0xFF, 0xFF, 0xFF, 0xFF, 0xFF, 0xFF, 0xFF, 0xFF, 0xFF, 0xFF, 
  /*3110:*/ 0xFF, 0xFF, 0xFF, 0xFF, 0xFF, 0xEB, 0x9B, 0x22, 0x12, 0x10, 0x00, 0x01, 0x00, 0x22, 0x67, 0x77, 
  /*3120:*/ 0x77, 0x77, 0x77, 0x77, 0x77, 0x77, 0x77, 0x77, 0x77, 0x7D, 0x77, 0xD7, 0xD7, 0x77, 0xD6, 0xD7, 
  /*3130:*/ 0xC7, 0x77, 0xC7, 0x7C, 0x7D, 0xD7, 0xDD, 0x7D, 0xD7, 0xDD, 0x7D, 0x7D, 0xD7, 0x7D, 0xD7, 0x7D, 
  /*3140:*/ 0x77, 0xC7, 0xC7, 0xC7, 0xC7, 0x7C, 0x7C, 0x7D, 0x7D, 0xD7, 0xD7, 0xD7, 0x77, 0x77, 0x77, 0x77, 
  /*3150:*/ 0x77, 0x76, 0x7D, 0x77, 0xD7, 0x77, 0x77, 0xD7, 0x77, 0x77, 0x72, 0x24, 0x22, 0x00, 0x00, 0x02, 
  /*3160:*/ 0x13, 0x12, 0x12, 0x21, 0x21, 0x22, 0x32, 0x32, 0x32, 0x32, 0x12, 0x12, 0x22, 0x13, 0x23, 0xB9, 
  /*3170:*/ 0xBE, 0xEF, 0xFF, 0xFF, 0xFF, 0xFF, 0xFF, 0xFF, 0xFF, 0xFF, 0xFF, 0xFF, 0xFF, 0xFF, 0xFF, 0xFF, 
  /*3180:*/ 0xFF, 0xFF, 0xFF, 0xFF, 0xFF, 0xFF, 0xFF, 0xFF, 0xFF, 0xFF, 0xFF, 0xFF, 0xFF, 0xFF, 0xFF, 0xFF, 
  /*3190:*/ 0xFF, 0xFF, 0xFF, 0xFF, 0xFF, 0xFB, 0x8B, 0x21, 0x32, 0x00, 0x00, 0x00, 0x20, 0x00, 0x57, 0x77, 
  /*31A0:*/ 0x77, 0x77, 0x77, 0x76, 0x66, 0x66, 0x56, 0x76, 0x66, 0x66, 0x66, 0x67, 0x66, 0xD7, 0x7D, 0x77, 
  /*31B0:*/ 0xD7, 0xD7, 0x66, 0x76, 0x76, 0x76, 0x77, 0x76, 0x76, 0x76, 0x76, 0x77, 0xDD, 0xD7, 0x66, 0xD6, 
  /*31C0:*/ 0x76, 0x76, 0x76, 0xC7, 0x57, 0x66, 0x76, 0x67, 0x76, 0x57, 0x56, 0x56, 0x77, 0x56, 0x57, 0x74, 
  /*31D0:*/ 0x76, 0x57, 0x67, 0xD7, 0x77, 0xD7, 0xD7, 0x77, 0x77, 0x77, 0x62, 0x42, 0x40, 0x00, 0x00, 0x01, 
  /*31E0:*/ 0x22, 0x21, 0x22, 0x12, 0x48, 0x43, 0x46, 0x48, 0x58, 0x54, 0x21, 0x21, 0x23, 0x22, 0x13, 0x8B, 
  /*31F0:*/ 0xBE, 0xEF, 0xFF, 0xFF, 0xFF, 0xFF, 0xFF, 0xFF, 0xFF, 0xFF, 0xFF, 0xFF, 0xFF, 0xFF, 0xFF, 0xFF, 
  /*3200:*/ 0xFF, 0xFF, 0xFF, 0xFF, 0xFF, 0xFF, 0xFF, 0xFF, 0xFF, 0xFF, 0xFF, 0xFF, 0xFF, 0xFF, 0xFF, 0xFF, 
  /*3210:*/ 0xFF, 0xFF, 0xFF, 0xFF, 0xFF, 0xEB, 0x98, 0x32, 0x22, 0x10, 0x00, 0x01, 0x00, 0x02, 0x67, 0x77, 
  /*3220:*/ 0x77, 0x77, 0x7D, 0x75, 0x56, 0x57, 0x56, 0x76, 0x74, 0x75, 0x65, 0x77, 0x56, 0x7D, 0x77, 0xD7, 
  /*3230:*/ 0x7D, 0x7D, 0x57, 0xC5, 0x67, 0xD7, 0x56, 0x75, 0x66, 0x67, 0x76, 0x7D, 0x7D, 0x7D, 0x67, 0x75, 
  /*3240:*/ 0x75, 0x77, 0x76, 0x7D, 0x5C, 0x65, 0x66, 0x57, 0x76, 0x57, 0x67, 0x56, 0x77, 0x57, 0x56, 0xD5, 
  /*3250:*/ 0x77, 0x77, 0x57, 0x77, 0xD7, 0x77, 0x7D, 0x77, 0xD7, 0x77, 0x52, 0x42, 0x42, 0x00, 0x00, 0x02, 
  /*3260:*/ 0x21, 0x30, 0x21, 0x23, 0x34, 0x44, 0x45, 0x34, 0x44, 0x34, 0x23, 0x20, 0x12, 0x12, 0x23, 0xB8, 
  /*3270:*/ 0xBE, 0xEF, 0xFF, 0xFF, 0xFF, 0xFF, 0xFF, 0xFF, 0xFF, 0xFF, 0xFF, 0xFF, 0xFF, 0xFF, 0xFF, 0xFF, 
  /*3280:*/ 0xFF, 0xFF, 0xFF, 0xFF, 0xFF, 0xFF, 0xFF, 0xFF, 0xFF, 0xFF, 0xFF, 0xFF, 0xFF, 0xFF, 0xFF, 0xFF, 
  /*3290:*/ 0xFF, 0xFF, 0xFF, 0xFF, 0xFF, 0xEB, 0x9B, 0x22, 0x31, 0x00, 0x00, 0x00, 0x02, 0x00, 0x56, 0x77, 
  /*32A0:*/ 0x76, 0x77, 0x77, 0x77, 0x67, 0x76, 0x67, 0x77, 0x66, 0x76, 0x75, 0x77, 0x66, 0x77, 0x7D, 0x7D, 
  /*32B0:*/ 0x77, 0xD7, 0x76, 0x75, 0x76, 0x76, 0x76, 0x75, 0x77, 0x76, 0x75, 0x7D, 0x7D, 0xD7, 0x56, 0x76, 
  /*32C0:*/ 0x76, 0x76, 0x75, 0x7D, 0x57, 0x77, 0x77, 0x76, 0x67, 0x57, 0x76, 0x57, 0x67, 0x67, 0x67, 0x77, 
  /*32D0:*/ 0x77, 0x76, 0x77, 0xD7, 0x77, 0x7D, 0x77, 0x77, 0x77, 0x77, 0x62, 0x42, 0x40, 0x00, 0x00, 0x02, 
  /*32E0:*/ 0x12, 0x21, 0x22, 0x21, 0x34, 0x44, 0x44, 0x34, 0x54, 0x82, 0x22, 0x12, 0x23, 0x21, 0x14, 0xBB, 
  /*32F0:*/ 0xBE, 0xEF, 0xFF, 0xFF, 0xFF, 0xFF, 0xFF, 0xFF, 0xFF, 0xFF, 0xFF, 0xFF, 0xFF, 0xFF, 0xFF, 0xFF, 
  /*3300:*/ 0xFF, 0xFF, 0xFF, 0xFF, 0xFF, 0xFF, 0xFF, 0xFF, 0xFF, 0xFF, 0xFF, 0xFF, 0xFF, 0xFF, 0xFF, 0xFF, 
  /*3310:*/ 0xFF, 0xFF, 0xFF, 0xFF, 0xFF, 0xEB, 0x8B, 0x31, 0x23, 0x01, 0x00, 0x00, 0x10, 0x00, 0x57, 0x77, 
  /*3320:*/ 0x77, 0x77, 0x77, 0x77, 0x77, 0x77, 0x77, 0x77, 0x77, 0x77, 0x77, 0x77, 0x77, 0x77, 0xD7, 0x77, 
  /*3330:*/ 0xD7, 0xD7, 0x77, 0xD7, 0x7D, 0x77, 0xD7, 0xDD, 0x77, 0xD7, 0xD7, 0xD7, 0xD7, 0xD7, 0xD7, 0xD7, 
  /*3340:*/ 0xD7, 0xD7, 0xD7, 0xD7, 0xD7, 0x77, 0xC7, 0x77, 0x77, 0xD7, 0x77, 0x77, 0x77, 0x7D, 0x77, 0x77, 
  /*3350:*/ 0x77, 0x77, 0x77, 0x77, 0x7D, 0x77, 0x77, 0x77, 0x77, 0x77, 0x52, 0x44, 0x22, 0x00, 0x00, 0x01, 
  /*3360:*/ 0x23, 0x21, 0x21, 0x23, 0x45, 0x84, 0x58, 0x38, 0x58, 0x44, 0x21, 0x21, 0x22, 0x12, 0x23, 0xB8, 
  /*3370:*/ 0xEE, 0xEF, 0xFF, 0xFF, 0xFF, 0xFF, 0xFF, 0xFF, 0xFF, 0xFF, 0xFF, 0xFF, 0xFF, 0xFF, 0xFF, 0xFF, 
  /*3380:*/ 0xFF, 0xFF, 0xFF, 0xFF, 0xFF, 0xFF, 0xFF, 0xFF, 0xFF, 0xFF, 0xFF, 0xFF, 0xFF, 0xFF, 0xFF, 0xFF, 
  /*3390:*/ 0xFF, 0xFF, 0xFF, 0xFF, 0xFF, 0xEB, 0x98, 0x32, 0x22, 0x10, 0x00, 0x00, 0x00, 0x20, 0x47, 0x76, 
  /*33A0:*/ 0x77, 0x77, 0x77, 0x77, 0x77, 0x77, 0x77, 0x77, 0x77, 0x77, 0x77, 0x77, 0x77, 0x7D, 0x77, 0x7D, 
  /*33B0:*/ 0x7D, 0x7D, 0x7D, 0x7D, 0x7D, 0x7D, 0x7D, 0x7D, 0x7D, 0x7D, 0x7D, 0x7D, 0xD7, 0xD7, 0xD7, 0xD7, 
  /*33C0:*/ 0xD7, 0xD7, 0xDD, 0x7D, 0x7D, 0xD7, 0xD7, 0xD7, 0xD7, 0x7D, 0x7D, 0x7D, 0x7D, 0x77, 0xD7, 0xD7, 
  /*33D0:*/ 0x7D, 0x77, 0xD7, 0x77, 0xD7, 0x77, 0x77, 0x77, 0x77, 0x77, 0x62, 0x24, 0x20, 0x00, 0x00, 0x02, 
  /*33E0:*/ 0x22, 0x12, 0x21, 0x22, 0x31, 0x23, 0x21, 0x22, 0x12, 0x22, 0x32, 0x21, 0x21, 0x23, 0x14, 0xBB, 
  /*33F0:*/ 0xBE, 0xEF, 0xFF, 0xFF, 0xFF, 0xFF, 0xFF, 0xFF, 0xFF, 0xFF, 0xFF, 0xFF, 0xFF, 0xFF, 0xFF, 0xFF, 
  /*3400:*/ 0xFF, 0xFF, 0xFF, 0xFF, 0xFF, 0xFF, 0xFF, 0xFF, 0xFF, 0xFF, 0xFF, 0xFF, 0xFF, 0xFF, 0xFF, 0xFF, 
  /*3410:*/ 0xFF, 0xFF, 0xFF, 0xFF, 0xFF, 0xFB, 0xB6, 0x33, 0x22, 0x00, 0x00, 0x00, 0x10, 0x00, 0x47, 0x77, 
  /*3420:*/ 0x77, 0x77, 0x77, 0x77, 0x77, 0x77, 0x77, 0x77, 0x77, 0x77, 0x77, 0x77, 0xD7, 0x77, 0x7D, 0x77, 
  /*3430:*/ 0x77, 0xD7, 0x7D, 0x77, 0xD7, 0xD7, 0xD7, 0xD7, 0xD7, 0xD7, 0xDD, 0x7D, 0x7D, 0x7D, 0x7D, 0x7D, 
  /*3440:*/ 0x7D, 0xD7, 0x7D, 0x7D, 0x77, 0xD7, 0xD7, 0xD7, 0xD7, 0xD7, 0x7D, 0x77, 0x77, 0xD7, 0x77, 0x77, 
  /*3450:*/ 0xD7, 0x7D, 0x77, 0x77, 0x77, 0x77, 0xD7, 0x77, 0x77, 0x77, 0x52, 0x24, 0x40, 0x00, 0x00, 0x02, 
  /*3460:*/ 0x13, 0x21, 0x22, 0x12, 0x13, 0x22, 0x12, 0x22, 0x22, 0x32, 0x21, 0x21, 0x23, 0x22, 0x18, 0x8B, 
  /*3470:*/ 0xBE, 0xEF, 0xFF, 0xFF, 0xFF, 0xFF, 0xFF, 0xFF, 0xFF, 0xFF, 0xFF, 0xFF, 0xFF, 0xFF, 0xFF, 0xFF, 
  /*3480:*/ 0xFF, 0xFF, 0xFF, 0xFF, 0xFF, 0xFF, 0xFF, 0xFF, 0xFF, 0xFF, 0xFF, 0xFF, 0xFF, 0xFF, 0xFF, 0xFF, 
  /*3490:*/ 0xFF, 0xFF, 0xFF, 0xFF, 0xFF, 0xFB, 0x8B, 0x32, 0x13, 0x01, 0x00, 0x00, 0x00, 0x02, 0x37, 0x77, 
  /*34A0:*/ 0x67, 0x77, 0x67, 0x77, 0x77, 0x77, 0x77, 0x77, 0x77, 0x77, 0x77, 0xD7, 0x77, 0xD7, 0x77, 0xD7, 
  /*34B0:*/ 0xD7, 0x7D, 0x77, 0xD7, 0xD7, 0x7D, 0x7D, 0x77, 0xD7, 0xD7, 0x7D, 0x7D, 0x7D, 0x7D, 0x7D, 0x7D, 
  /*34C0:*/ 0x7D, 0x7D, 0x7D, 0x77, 0xD7, 0x7D, 0x77, 0xD7, 0x7D, 0x7D, 0x77, 0x7D, 0x77, 0x7D, 0x77, 0xD7, 
  /*34D0:*/ 0x77, 0x77, 0x77, 0xD7, 0x77, 0x77, 0x77, 0x7D, 0x77, 0x76, 0x52, 0x42, 0x20, 0x00, 0x00, 0x12, 
  /*34E0:*/ 0x21, 0x22, 0x21, 0x23, 0x22, 0x12, 0x23, 0x23, 0x13, 0x12, 0x12, 0x12, 0x21, 0x13, 0x24, 0xB8, 
  /*34F0:*/ 0xBE, 0xEF, 0xFF, 0xFF, 0xFF, 0xFF, 0xFF, 0xFF, 0xFF, 0xFF, 0xFF, 0xFF, 0xFF, 0xFF, 0xFF, 0xFF, 
  /*3500:*/ 0xFF, 0xFF, 0xFF, 0xFF, 0xFF, 0xFF, 0xFF, 0xFF, 0xFF, 0xFF, 0xFF, 0xFF, 0xFF, 0xFF, 0xFF, 0xFF, 
  /*3510:*/ 0xFF, 0xFF, 0xFF, 0xFF, 0xFF, 0xFB, 0xB8, 0x43, 0x21, 0x20, 0x00, 0x00, 0x01, 0x00, 0x27, 0x77, 
  /*3520:*/ 0x77, 0x67, 0x77, 0x77, 0x77, 0x77, 0x77, 0x77, 0x77, 0x77, 0x77, 0x77, 0x77, 0x77, 0xD7, 0x77, 
  /*3530:*/ 0x77, 0x7D, 0x7D, 0x77, 0x7D, 0x77, 0xD7, 0xD7, 0xD7, 0xD7, 0xD7, 0x7D, 0x77, 0xD7, 0xD7, 0xD7, 
  /*3540:*/ 0xD7, 0x7D, 0x7D, 0x7D, 0x7D, 0x77, 0xD7, 0x7D, 0x77, 0x77, 0x7D, 0x77, 0xD7, 0x77, 0x77, 0x77, 
  /*3550:*/ 0x7D, 0x77, 0x77, 0x77, 0x77, 0x7D, 0x77, 0x77, 0x77, 0x77, 0x52, 0x34, 0x20, 0x00, 0x00, 0x02, 
  /*3560:*/ 0x23, 0x22, 0x12, 0x21, 0x22, 0x32, 0x12, 0x12, 0x22, 0x23, 0x23, 0x20, 0x32, 0x22, 0x16, 0x8B, 
  /*3570:*/ 0xBE, 0xFF, 0xFF, 0xFF, 0xFF, 0xFF, 0xFF, 0xFF, 0xFF, 0xFF, 0xFF, 0xFF, 0xFF, 0xFF, 0xFF, 0xFF, 
  /*3580:*/ 0xFF, 0xFF, 0xFF, 0xFF, 0xFF, 0xFF, 0xFF, 0xFF, 0xFF, 0xFF, 0xFF, 0xFF, 0xFF, 0xFF, 0xFF, 0xFF, 
  /*3590:*/ 0xFF, 0xFF, 0xFF, 0xFF, 0xFF, 0xFB, 0x9B, 0x32, 0x12, 0x10, 0x00, 0x00, 0x00, 0x02, 0x27, 0x67, 
  /*35A0:*/ 0x77, 0x77, 0x77, 0x76, 0x77, 0x77, 0x77, 0x77, 0x77, 0x77, 0xD7, 0x77, 0x7D, 0x77, 0x77, 0x7D, 
  /*35B0:*/ 0x7D, 0x77, 0x77, 0xD7, 0xD7, 0xD7, 0x77, 0xD7, 0x77, 0xD7, 0x7D, 0x77, 0xD7, 0xD7, 0x7D, 0x77, 
  /*35C0:*/ 0xD7, 0xD7, 0x7D, 0x77, 0x77, 0xD7, 0x7D, 0x77, 0x7D, 0x7D, 0x77, 0x77, 0x7D, 0x77, 0xD7, 0x7D, 
  /*35D0:*/ 0x77, 0x77, 0x7D, 0x77, 0x77, 0x77, 0x77, 0x77, 0x76, 0x77, 0x43, 0x24, 0x20, 0x00, 0x00, 0x21, 
  /*35E0:*/ 0x21, 0x11, 0x21, 0x22, 0x12, 0x12, 0x12, 0x21, 0x12, 0x11, 0x22, 0x21, 0x21, 0x32, 0x24, 0xBB, 
  /*35F0:*/ 0xBE, 0xFF, 0xFF, 0xFF, 0xFF, 0xFF, 0xFF, 0xFF, 0xFF, 0xFF, 0xFF, 0xFF, 0xFF, 0xFF, 0xFF, 0xFF, 
  /*3600:*/ 0xFF, 0xFF, 0xFF, 0xFF, 0xFF, 0xFF, 0xFF, 0xFF, 0xFF, 0xFF, 0xFF, 0xFF, 0xFF, 0xFF, 0xFF, 0xFF, 
  /*3610:*/ 0xFF, 0xFF, 0xFF, 0xFF, 0xFF, 0xFB, 0x98, 0x60, 0x22, 0x20, 0x00, 0x00, 0x01, 0x00, 0x27, 0x76, 
  /*3620:*/ 0x76, 0x77, 0x76, 0x77, 0x77, 0x76, 0x77, 0x77, 0x77, 0x77, 0x77, 0x7D, 0x77, 0x77, 0xD7, 0x77, 
  /*3630:*/ 0x77, 0xD7, 0xD7, 0x77, 0x77, 0x7D, 0x7D, 0x7D, 0x7D, 0x77, 0xD7, 0xD7, 0x7D, 0x7D, 0x77, 0xD7, 
  /*3640:*/ 0x7D, 0x7D, 0x77, 0xD7, 0xD7, 0x7D, 0x77, 0x7D, 0x77, 0x77, 0x77, 0xD7, 0x77, 0x77, 0x77, 0x77, 
  /*3650:*/ 0x77, 0x77, 0x77, 0x77, 0x77, 0x77, 0x77, 0x77, 0x77, 0x76, 0x52, 0x32, 0x20, 0x00, 0x00, 0x21, 
  /*3660:*/ 0x22, 0x22, 0x12, 0x22, 0x12, 0x12, 0x23, 0x22, 0x12, 0x23, 0x21, 0x22, 0x13, 0x21, 0x18, 0x9B, 
  /*3670:*/ 0xBE, 0xFF, 0xFF, 0xFF, 0xFF, 0xFF, 0xFF, 0xFF, 0xFF, 0xFF, 0xFF, 0xFF, 0xFF, 0xFF, 0xFF, 0xFF, 
  /*3680:*/ 0xFF, 0xFF, 0xFF, 0xFF, 0xFF, 0xFF, 0xFF, 0xFF, 0xFF, 0xFF, 0xFF, 0xFF, 0xFF, 0xFF, 0xFF, 0xFF, 
  /*3690:*/ 0xFF, 0xFF, 0xFF, 0xFF, 0xFF, 0xFB, 0xB8, 0x43, 0x12, 0x20, 0x10, 0x00, 0x00, 0x02, 0x06, 0x77, 
  /*36A0:*/ 0x77, 0x76, 0x77, 0x77, 0x77, 0x77, 0x77, 0x76, 0x77, 0x77, 0x77, 0x77, 0x77, 0x77, 0x7D, 0x7D, 
  /*36B0:*/ 0x77, 0x77, 0x77, 0xD7, 0x7D, 0x77, 0xD7, 0x77, 0xD7, 0x7D, 0x77, 0x7D, 0x77, 0x7D, 0x7D, 0x7D, 
  /*36C0:*/ 0x77, 0x77, 0xD7, 0x77, 0x7D, 0x77, 0x77, 0xD7, 0x77, 0x77, 0xD7, 0x77, 0x77, 0x7D, 0x77, 0x77, 
  /*36D0:*/ 0x77, 0x77, 0x77, 0x77, 0x77, 0x77, 0x77, 0x76, 0x77, 0x77, 0x42, 0x44, 0x20, 0x00, 0x00, 0x22, 
  /*36E0:*/ 0x21, 0x32, 0x21, 0x32, 0x13, 0x22, 0x12, 0x13, 0x23, 0x22, 0x14, 0x21, 0x22, 0x32, 0x26, 0x8B, 
  /*36F0:*/ 0xBE, 0xFF, 0xFF, 0xFF, 0xFF, 0xFF, 0xFF, 0xFF, 0xFF, 0xFF, 0xFF, 0xFF, 0xFF, 0xFF, 0xFF, 0xFF, 
  /*3700:*/ 0xFF, 0xFF, 0xFF, 0xFF, 0xFF, 0xFF, 0xFF, 0xFF, 0xFF, 0xFF, 0xFF, 0xFF, 0xFF, 0xFF, 0xFF, 0xFF, 
  /*3710:*/ 0xFF, 0xFF, 0xFF, 0xFF, 0xFF, 0xFB, 0xB9, 0x60, 0x21, 0x20, 0x00, 0x00, 0x10, 0x20, 0x26, 0x67, 
  /*3720:*/ 0x67, 0x77, 0x77, 0x77, 0x77, 0x77, 0x77, 0x77, 0x77, 0x76, 0x77, 0x77, 0x77, 0x77, 0x77, 0x77, 
  /*3730:*/ 0x77, 0xD7, 0x77, 0x7D, 0x77, 0x77, 0x7D, 0x7D, 0x77, 0xD7, 0x7D, 0x77, 0xD7, 0xD7, 0x77, 0x77, 
  /*3740:*/ 0xD7, 0xD7, 0x7D, 0x7D, 0x77, 0x7D, 0x77, 0x77, 0x77, 0xD7, 0x77, 0x77, 0x7D, 0x77, 0x77, 0x77, 
  /*3750:*/ 0x77, 0x77, 0x7D, 0x77, 0x77, 0x77, 0x76, 0x77, 0x77, 0x67, 0x44, 0x24, 0x20, 0x00, 0x00, 0x02, 
  /*3760:*/ 0x12, 0x21, 0x22, 0x33, 0x22, 0x12, 0x34, 0x43, 0x21, 0x23, 0x22, 0x31, 0x23, 0x12, 0x18, 0xBB, 
  /*3770:*/ 0xBE, 0xFF, 0xFF, 0xFF, 0xFF, 0xFF, 0xFF, 0xFF, 0xFF, 0xFF, 0xFF, 0xFF, 0xFF, 0xFF, 0xFF, 0xFF, 
  /*3780:*/ 0xFF, 0xFF, 0xFF, 0xFF, 0xFF, 0xFF, 0xFF, 0xFF, 0xFF, 0xFF, 0xFF, 0xFF, 0xFF, 0xFF, 0xFF, 0xFF, 
  /*3790:*/ 0xFF, 0xFF, 0xFF, 0xFF, 0xFF, 0xFB, 0x98, 0x60, 0x12, 0x21, 0x00, 0x00, 0x02, 0x10, 0x06, 0x77, 
  /*37A0:*/ 0x77, 0x67, 0x76, 0x77, 0x67, 0x77, 0x67, 0x77, 0x77, 0x77, 0x77, 0x76, 0xD7, 0x77, 0x77, 0x77, 
  /*37B0:*/ 0x77, 0x77, 0xD7, 0x77, 0x77, 0xD7, 0x77, 0x77, 0x7D, 0x77, 0xD7, 0xD7, 0x77, 0x77, 0xD7, 0xD7, 
  /*37C0:*/ 0x77, 0x7D, 0x77, 0x77, 0xD7, 0x77, 0x77, 0x77, 0x77, 0x77, 0x77, 0x7D, 0x77, 0x77, 0x77, 0x77, 
  /*37D0:*/ 0xD7, 0x77, 0x77, 0x77, 0x77, 0x67, 0x7D, 0x77, 0x77, 0x77, 0x42, 0x24, 0x00, 0x00, 0x00, 0x12, 
  /*37E0:*/ 0x21, 0x21, 0x21, 0x34, 0x23, 0x21, 0x24, 0x42, 0x22, 0x22, 0x41, 0x22, 0x12, 0x42, 0x16, 0x8B, 
  /*37F0:*/ 0xEE, 0xEF, 0xFF, 0xFF, 0xFF, 0xFF, 0xFF, 0xFF, 0xFF, 0xFF, 0xFF, 0xFF, 0xFF, 0xFF, 0xFF, 0xFF, 
  /*3800:*/ 0xFF, 0xFF, 0xFF, 0xFF, 0xFF, 0xFF, 0xFF, 0xFF, 0xFF, 0xFF, 0xFF, 0xFF, 0xFF, 0xFF, 0xFF, 0xFF, 
  /*3810:*/ 0xFF, 0xFF, 0xFF, 0xFF, 0xFF, 0xFE, 0xB8, 0x80, 0x22, 0x10, 0x00, 0x00, 0x02, 0x00, 0x25, 0x76, 
  /*3820:*/ 0x76, 0x77, 0x67, 0x76, 0x77, 0x67, 0x77, 0x77, 0x67, 0x77, 0x77, 0x77, 0x77, 0x76, 0xD7, 0x76, 
  /*3830:*/ 0xD7, 0x77, 0x77, 0x7D, 0x77, 0x77, 0xD7, 0xD7, 0x77, 0x7D, 0x77, 0x7D, 0x7D, 0x7D, 0x77, 0x77, 
  /*3840:*/ 0xD7, 0x77, 0xD7, 0xD7, 0x77, 0x77, 0xD7, 0x7D, 0x77, 0x7D, 0x77, 0x77, 0x77, 0x77, 0x77, 0xD7, 
  /*3850:*/ 0x77, 0x7D, 0x77, 0x77, 0x77, 0x77, 0x77, 0x77, 0x67, 0x67, 0x24, 0x24, 0x00, 0x00, 0x02, 0x02, 
  /*3860:*/ 0x12, 0x21, 0x22, 0x22, 0x12, 0x22, 0x12, 0x21, 0x31, 0x12, 0x14, 0x21, 0x42, 0x14, 0x08, 0xB9, 
  /*3870:*/ 0xEE, 0xFF, 0xFF, 0xFF, 0xFF, 0xFF, 0xFF, 0xFF, 0xFF, 0xFF, 0xFF, 0xFF, 0xFF, 0xFF, 0xFF, 0xFF, 
  /*3880:*/ 0xFF, 0xFF, 0xFF, 0xFF, 0xFF, 0xFF, 0xFF, 0xFF, 0xFF, 0xFF, 0xFF, 0xFF, 0xFF, 0xFF, 0xFF, 0xFF, 
  /*3890:*/ 0xFF, 0xFF, 0xFF, 0xFF, 0xFF, 0xFB, 0xB9, 0x60, 0x21, 0x22, 0x00, 0x00, 0x00, 0x22, 0x24, 0x76, 
  /*38A0:*/ 0x77, 0x67, 0x77, 0x67, 0x77, 0x77, 0x76, 0x77, 0x77, 0x77, 0x67, 0x77, 0x77, 0x77, 0x77, 0x77, 
  /*38B0:*/ 0x77, 0x77, 0x77, 0x77, 0x77, 0xD7, 0x77, 0x77, 0x77, 0xD7, 0x77, 0xD7, 0x77, 0x77, 0x7D, 0x77, 
  /*38C0:*/ 0x7D, 0x77, 0x77, 0x77, 0xD7, 0x77, 0x77, 0x77, 0x77, 0x77, 0x77, 0x77, 0x77, 0x77, 0x77, 0x77, 
  /*38D0:*/ 0x77, 0x77, 0x77, 0x77, 0x77, 0x77, 0x77, 0x77, 0x77, 0x76, 0x22, 0x42, 0x00, 0x00, 0x00, 0x22, 
  /*38E0:*/ 0x12, 0x20, 0x10, 0x01, 0x21, 0x21, 0x00, 0x12, 0x12, 0x20, 0x00, 0x32, 0x14, 0x22, 0x26, 0x9B, 
  /*38F0:*/ 0xEE, 0xEF, 0xFF, 0xFF, 0xFF, 0xFF, 0xFF, 0xFF, 0xFF, 0xFF, 0xFF, 0xFF, 0xFF, 0xFF, 0xFF, 0xFF, 
  /*3900:*/ 0xFF, 0xFF, 0xFF, 0xFF, 0xFF, 0xFF, 0xFF, 0xFF, 0xFF, 0xFF, 0xFF, 0xFF, 0xFF, 0xFF, 0xFF, 0xFF, 
  /*3910:*/ 0xFF, 0xFF, 0xFF, 0xFF, 0xFF, 0xFE, 0x98, 0x61, 0x22, 0x10, 0x10, 0x00, 0x02, 0x32, 0x22, 0x57, 
  /*3920:*/ 0x67, 0x67, 0x67, 0x77, 0x67, 0x67, 0x77, 0x76, 0x77, 0x67, 0x77, 0x76, 0x77, 0x67, 0x77, 0x77, 
  /*3930:*/ 0x77, 0x77, 0x77, 0x77, 0x77, 0x77, 0x77, 0x77, 0x77, 0x77, 0x77, 0x77, 0xD7, 0xD7, 0x77, 0x7D, 
  /*3940:*/ 0x77, 0x77, 0xD7, 0xD7, 0x77, 0x77, 0x77, 0x77, 0x7D, 0x77, 0x77, 0x77, 0x77, 0x77, 0x77, 0x77, 
  /*3950:*/ 0x77, 0x77, 0x77, 0x77, 0x77, 0x77, 0x76, 0x76, 0x76, 0x72, 0x42, 0x42, 0x00, 0x00, 0x00, 0x01, 
  /*3960:*/ 0x22, 0x12, 0x10, 0x23, 0x22, 0x10, 0x22, 0x42, 0x21, 0x02, 0x44, 0x12, 0x21, 0x42, 0x18, 0xB8, 
  /*3970:*/ 0xEE, 0xFF, 0xFF, 0xFF, 0xFF, 0xFF, 0xFF, 0xFF, 0xFF, 0xFF, 0xFF, 0xFF, 0xFF, 0xFF, 0xFF, 0xFF, 
  /*3980:*/ 0xFF, 0xFF, 0xFF, 0xFF, 0xFF, 0xFF, 0xFF, 0xFF, 0xFF, 0xFF, 0xFF, 0xFF, 0xFF, 0xFF, 0xFF, 0xFF, 
  /*3990:*/ 0xFF, 0xFF, 0xFF, 0xFF, 0xFF, 0xFE, 0xB8, 0x61, 0x02, 0x10, 0x00, 0x01, 0x00, 0x22, 0x22, 0x25, 
  /*39A0:*/ 0x76, 0x76, 0x76, 0x76, 0x77, 0x77, 0x67, 0x77, 0x76, 0x77, 0x76, 0x77, 0x77, 0x77, 0x77, 0x67, 
  /*39B0:*/ 0x77, 0x76, 0x77, 0x7D, 0x77, 0x77, 0x7D, 0x77, 0xD7, 0x77, 0x77, 0xD7, 0x77, 0x77, 0xD7, 0x77, 
  /*39C0:*/ 0x77, 0x77, 0x77, 0x77, 0x77, 0x77, 0x77, 0xD7, 0x77, 0x77, 0x77, 0x77, 0x77, 0x77, 0x77, 0x76, 
  /*39D0:*/ 0x77, 0x76, 0x77, 0x67, 0x76, 0x77, 0x77, 0x77, 0x67, 0x42, 0x24, 0x22, 0x00, 0x00, 0x02, 0x02, 
  /*39E0:*/ 0x21, 0x22, 0x02, 0x4B, 0x92, 0x21, 0x29, 0xB6, 0x12, 0x05, 0xEB, 0x41, 0x24, 0x13, 0x29, 0xBB, 
  /*39F0:*/ 0xEE, 0xFF, 0xFF, 0xFF, 0xFF, 0xFF, 0xFF, 0xFF, 0xFF, 0xFF, 0xFF, 0xFF, 0xFF, 0xFF, 0xFF, 0xFF, 
  /*3A00:*/ 0xFF, 0xFF, 0xFF, 0xFF, 0xFF, 0xFF, 0xFF, 0xFF, 0xFF, 0xFF, 0xFF, 0xFF, 0xFF, 0xFF, 0xFF, 0xFF, 
  /*3A10:*/ 0xFF, 0xFF, 0xFF, 0xFF, 0xFF, 0xFE, 0xB9, 0x80, 0x22, 0x10, 0x01, 0x00, 0x00, 0x23, 0x22, 0x22, 
  /*3A20:*/ 0x56, 0x75, 0x77, 0x76, 0x76, 0x77, 0x76, 0x76, 0x77, 0x76, 0x77, 0x76, 0x76, 0x77, 0x67, 0x77, 
  /*3A30:*/ 0x67, 0x77, 0x77, 0x67, 0x77, 0x77, 0x77, 0x77, 0x77, 0x77, 0x77, 0x77, 0x77, 0xD7, 0x77, 0x77, 
  /*3A40:*/ 0x77, 0x77, 0x77, 0x77, 0x77, 0x77, 0x77, 0x77, 0x77, 0x77, 0x77, 0x77, 0x77, 0x77, 0x77, 0x77, 
  /*3A50:*/ 0x77, 0x77, 0x77, 0x77, 0x67, 0x76, 0x76, 0x77, 0x54, 0x22, 0x42, 0x22, 0x00, 0x00, 0x00, 0x21, 
  /*3A60:*/ 0x22, 0x12, 0x10, 0x69, 0x65, 0x30, 0x3B, 0x99, 0x22, 0x18, 0xB9, 0x52, 0x32, 0x22, 0x18, 0xB9, 
  /*3A70:*/ 0xEE, 0xFF, 0xFF, 0xFF, 0xFF, 0xFF, 0xFF, 0xFF, 0xFF, 0xFF, 0xFF, 0xFF, 0xFF, 0xFF, 0xFF, 0xFF, 
  /*3A80:*/ 0xFF, 0xFF, 0xFF, 0xFF, 0xFF, 0xFF, 0xFF, 0xFF, 0xFF, 0xFF, 0xFF, 0xFF, 0xFF, 0xFF, 0xFF, 0xFF, 
  /*3A90:*/ 0xFF, 0xFF, 0xFF, 0xFF, 0xFF, 0xFE, 0xB8, 0x60, 0x21, 0x20, 0x00, 0x00, 0x00, 0x02, 0x34, 0x23, 
  /*3AA0:*/ 0x22, 0x55, 0x55, 0x56, 0x76, 0x76, 0x77, 0x77, 0x67, 0x77, 0x67, 0x77, 0x77, 0x77, 0x77, 0x67, 
  /*3AB0:*/ 0x77, 0x67, 0x77, 0x77, 0x76, 0x77, 0x67, 0x76, 0x77, 0x77, 0x76, 0x77, 0x77, 0x77, 0x77, 0x77, 
  /*3AC0:*/ 0x77, 0x77, 0x77, 0x77, 0x77, 0x77, 0x77, 0x77, 0x77, 0x77, 0x77, 0x77, 0x67, 0x76, 0x76, 0x77, 
  /*3AD0:*/ 0x67, 0x67, 0x76, 0x76, 0x76, 0x65, 0x55, 0x42, 0x22, 0x24, 0x24, 0x20, 0x00, 0x00, 0x00, 0x10, 
  /*3AE0:*/ 0x22, 0x21, 0x21, 0x68, 0xB4, 0x22, 0x16, 0xB6, 0x32, 0x24, 0xBB, 0x41, 0x22, 0x24, 0x29, 0xB8, 
  /*3AF0:*/ 0xEF, 0xFF, 0xFF, 0xFF, 0xFF, 0xFF, 0xFF, 0xFF, 0xFF, 0xFF, 0xFF, 0xFF, 0xFF, 0xFF, 0xFF, 0xFF, 
  /*3B00:*/ 0xFF, 0xFF, 0xFF, 0xFF, 0xFF, 0xFF, 0xFF, 0xFF, 0xFF, 0xFF, 0xFF, 0xFF, 0xFF, 0xFF, 0xFF, 0xFF, 
  /*3B10:*/ 0xFF, 0xFF, 0xFF, 0xFF, 0xFF, 0xFE, 0x9B, 0x80, 0x22, 0x20, 0x20, 0x20, 0x00, 0x01, 0x24, 0x24, 
  /*3B20:*/ 0x24, 0x22, 0x23, 0x22, 0x22, 0x24, 0x24, 0x45, 0x55, 0x56, 0x66, 0x66, 0x67, 0x66, 0x77, 0x77, 
  /*3B30:*/ 0x77, 0x77, 0x67, 0x76, 0x77, 0x77, 0x77, 0x77, 0x77, 0x77, 0x77, 0x77, 0x67, 0x77, 0x77, 0x77, 
  /*3B40:*/ 0x76, 0x77, 0x77, 0x77, 0x77, 0x77, 0x77, 0x77, 0x77, 0x77, 0x76, 0x77, 0x67, 0x66, 0x66, 0x56, 
  /*3B50:*/ 0x54, 0x53, 0x32, 0x22, 0x22, 0x22, 0x22, 0x22, 0x24, 0x24, 0x22, 0x00, 0x00, 0x02, 0x00, 0x02, 
  /*3B60:*/ 0x21, 0x22, 0x20, 0x14, 0x43, 0x22, 0x13, 0x43, 0x21, 0x32, 0x32, 0x22, 0x31, 0x41, 0x28, 0xBB, 
  /*3B70:*/ 0xEE, 0xFF, 0xFF, 0xFF, 0xFF, 0xFF, 0xFF, 0xFF, 0xFF, 0xFF, 0xFF, 0xFF, 0xFF, 0xFF, 0xFF, 0xFF, 
  /*3B80:*/ 0xFF, 0xFF, 0xFF, 0xFF, 0xFF, 0xFF, 0xFF, 0xFF, 0xFF, 0xFF, 0xFF, 0xFF, 0xFF, 0xFF, 0xFF, 0xFF, 
  /*3B90:*/ 0xFF, 0xFF, 0xFF, 0xFF, 0xFF, 0xFE, 0xB8, 0x62, 0x21, 0x20, 0x10, 0x10, 0x01, 0x00, 0x03, 0x24, 
  /*3BA0:*/ 0x24, 0x24, 0x42, 0x42, 0x42, 0x22, 0x22, 0x22, 0x22, 0x22, 0x22, 0x22, 0x22, 0x24, 0x23, 0x34, 
  /*3BB0:*/ 0x44, 0x45, 0x55, 0x56, 0x55, 0x64, 0x65, 0x65, 0x65, 0x65, 0x65, 0x66, 0x65, 0x66, 0x56, 0x56, 
  /*3BC0:*/ 0x56, 0x64, 0x66, 0x56, 0x46, 0x46, 0x45, 0x34, 0x43, 0x33, 0x23, 0x22, 0x22, 0x22, 0x22, 0x22, 
  /*3BD0:*/ 0x22, 0x22, 0x22, 0x22, 0x22, 0x22, 0x32, 0x22, 0x22, 0x42, 0x20, 0x00, 0x00, 0x20, 0x00, 0x21, 
  /*3BE0:*/ 0x22, 0x10, 0x21, 0x22, 0x21, 0x21, 0x21, 0x02, 0x22, 0x12, 0x03, 0x21, 0x23, 0x23, 0x2B, 0xB8, 
  /*3BF0:*/ 0xEF, 0xFF, 0xFF, 0xFF, 0xFF, 0xFF, 0xFF, 0xFF, 0xFF, 0xFF, 0xFF, 0xFF, 0xFF, 0xFF, 0xFF, 0xFF, 
  /*3C00:*/ 0xFF, 0xFF, 0xFF, 0xFF, 0xFF, 0xFF, 0xFF, 0xFF, 0xFF, 0xFF, 0xFF, 0xFF, 0xFF, 0xFF, 0xFF, 0xFF, 
  /*3C10:*/ 0xFF, 0xFF, 0xFF, 0xFF, 0xFF, 0xFE, 0xB9, 0x82, 0x03, 0x00, 0x00, 0x22, 0x00, 0x00, 0x00, 0x24, 
  /*3C20:*/ 0x24, 0x42, 0x42, 0x42, 0x42, 0x42, 0x22, 0x22, 0x32, 0x22, 0x22, 0x22, 0x22, 0x22, 0x22, 0x22, 
  /*3C30:*/ 0x22, 0x22, 0x22, 0x20, 0x22, 0x22, 0x22, 0x02, 0x22, 0x22, 0x22, 0x02, 0x22, 0x02, 0x22, 0x22, 
  /*3C40:*/ 0x20, 0x22, 0x20, 0x02, 0x22, 0x22, 0x20, 0x22, 0x22, 0x22, 0x22, 0x22, 0x22, 0x22, 0x22, 0x22, 
  /*3C50:*/ 0x22, 0x22, 0x22, 0x22, 0x23, 0x24, 0x23, 0x22, 0x22, 0x22, 0x00, 0x00, 0x02, 0x00, 0x00, 0x10, 
  /*3C60:*/ 0x22, 0x21, 0x20, 0x02, 0x22, 0x20, 0x00, 0x23, 0x21, 0x02, 0x20, 0x32, 0x32, 0x21, 0x29, 0xBB, 
  /*3C70:*/ 0xEF, 0xFF, 0xFF, 0xFF, 0xFF, 0xFF, 0xFF, 0xFF, 0xFF, 0xFF, 0xFF, 0xFF, 0xFF, 0xFF, 0xFF, 0xFF, 
  /*3C80:*/ 0xFF, 0xFF, 0xFF, 0xFF, 0xFF, 0xFF, 0xFF, 0xFF, 0xFF, 0xFF, 0xFF, 0xFF, 0xFF, 0xFF, 0xFF, 0xFF, 
  /*3C90:*/ 0xFF, 0xFF, 0xFF, 0xFF, 0xFF, 0xFE, 0xB9, 0x63, 0x02, 0x10, 0x22, 0x12, 0x21, 0x00, 0x00, 0x00, 
  /*3CA0:*/ 0x22, 0x22, 0x22, 0x24, 0x24, 0x22, 0x22, 0x23, 0x22, 0x32, 0x32, 0x22, 0x42, 0x22, 0x22, 0x22, 
  /*3CB0:*/ 0x22, 0x22, 0x22, 0x22, 0x22, 0x22, 0x02, 0x22, 0x20, 0x22, 0x02, 0x02, 0x00, 0x20, 0x20, 0x20, 
  /*3CC0:*/ 0x22, 0x02, 0x22, 0x20, 0x22, 0x20, 0x22, 0x22, 0x22, 0x22, 0x22, 0x22, 0x22, 0x22, 0x22, 0x22, 
  /*3CD0:*/ 0x22, 0x22, 0x32, 0x32, 0x42, 0x22, 0x22, 0x22, 0x02, 0x00, 0x00, 0x02, 0x02, 0x21, 0x00, 0x02, 
  /*3CE0:*/ 0x21, 0x21, 0x00, 0x12, 0x21, 0x22, 0x23, 0x22, 0x32, 0x22, 0x30, 0x12, 0x14, 0x24, 0x2B, 0x8B, 
  /*3CF0:*/ 0xEF, 0xFF, 0xFF, 0xFF, 0xFF, 0xFF, 0xFF, 0xFF, 0xFF, 0xFF, 0xFF, 0xFF, 0xFF, 0xFF, 0xFF, 0xFF, 
  /*3D00:*/ 0xFF, 0xFF, 0xFF, 0xFF, 0xFF, 0xFF, 0xFF, 0xFF, 0xFF, 0xFF, 0xFF, 0xFF, 0xFF, 0xFF, 0xFF, 0xFF, 
  /*3D10:*/ 0xFF, 0xFF, 0xFF, 0xFF, 0xFF, 0xFE, 0xB8, 0xB0, 0x22, 0x10, 0x02, 0x22, 0x32, 0x22, 0x00, 0x00, 
  /*3D20:*/ 0x00, 0x00, 0x22, 0x22, 0x22, 0x22, 0x02, 0x22, 0x42, 0x32, 0x23, 0x24, 0x22, 0x42, 0x42, 0x42, 
  /*3D30:*/ 0x32, 0x23, 0x22, 0x32, 0x22, 0x22, 0x32, 0x22, 0x22, 0x22, 0x32, 0x22, 0x22, 0x22, 0x22, 0x22, 
  /*3D40:*/ 0x23, 0x22, 0x22, 0x23, 0x22, 0x22, 0x23, 0x22, 0x32, 0x23, 0x22, 0x32, 0x32, 0x32, 0x32, 0x33, 
  /*3D50:*/ 0x23, 0x32, 0x22, 0x22, 0x02, 0x22, 0x02, 0x00, 0x00, 0x00, 0x00, 0x02, 0x22, 0x22, 0x10, 0x21, 
  /*3D60:*/ 0x12, 0x20, 0x20, 0x02, 0x12, 0x21, 0x32, 0x22, 0x22, 0x13, 0x22, 0x32, 0x24, 0x13, 0x1B, 0xBB, 
  /*3D70:*/ 0xEE, 0xFF, 0xFF, 0xFF, 0xFF, 0xFF, 0xFF, 0xFF, 0xFF, 0xFF, 0xFF, 0xFF, 0xFF, 0xFF, 0xFF, 0xFF, 
  /*3D80:*/ 0xFF, 0xFF, 0xFF, 0xFF, 0xFF, 0xFF, 0xFF, 0xFF, 0xFF, 0xFF, 0xFF, 0xFF, 0xFF, 0xFF, 0xFF, 0xFF, 
  /*3D90:*/ 0xFF, 0xFF, 0xFF, 0xFF, 0xFF, 0xFF, 0xBB, 0x82, 0x22, 0x10, 0x21, 0x23, 0x44, 0x32, 0x21, 0x00, 
  /*3DA0:*/ 0x00, 0x00, 0x00, 0x00, 0x00, 0x00, 0x00, 0x20, 0x20, 0x22, 0x22, 0x22, 0x24, 0x24, 0x22, 0x42, 
  /*3DB0:*/ 0x24, 0x23, 0x22, 0x23, 0x23, 0x23, 0x22, 0x32, 0x32, 0x32, 0x22, 0x23, 0x23, 0x23, 0x23, 0x23, 
  /*3DC0:*/ 0x22, 0x23, 0x22, 0x32, 0x23, 0x23, 0x22, 0x32, 0x23, 0x22, 0x42, 0x42, 0x22, 0x22, 0x22, 0x20, 
  /*3DD0:*/ 0x20, 0x00, 0x20, 0x00, 0x00, 0x00, 0x00, 0x00, 0x00, 0x00, 0x02, 0x22, 0x32, 0x32, 0x20, 0x10, 
  /*3DE0:*/ 0x22, 0x22, 0x20, 0x22, 0x22, 0x22, 0x22, 0x12, 0x13, 0x22, 0x21, 0x21, 0x42, 0x24, 0x1B, 0x8E, 
  /*3DF0:*/ 0xEF, 0xFF, 0xFF, 0xFF, 0xFF, 0xFF, 0xFF, 0xFF, 0xFF, 0xFF, 0xFF, 0xFF, 0xFF, 0xFF, 0xFF, 0xFF, 
  /*3E00:*/ 0xFF, 0xFF, 0xFF, 0xFF, 0xFF, 0xFF, 0xFF, 0xFF, 0xFF, 0xFF, 0xFF, 0xFF, 0xFF, 0xFF, 0xFF, 0xFF, 
  /*3E10:*/ 0xFF, 0xFF, 0xFF, 0xFF, 0xFF, 0xFF, 0xB8, 0xB0, 0x22, 0x22, 0x22, 0x34, 0x54, 0x42, 0x21, 0x02, 
  /*3E20:*/ 0x00, 0x20, 0x00, 0x00, 0x00, 0x00, 0x00, 0x00, 0x00, 0x00, 0x00, 0x02, 0x00, 0x20, 0x22, 0x22, 
  /*3E30:*/ 0x22, 0x22, 0x23, 0x22, 0x22, 0x22, 0x32, 0x23, 0x23, 0x23, 0x23, 0x22, 0x32, 0x32, 0x23, 0x23, 
  /*3E40:*/ 0x23, 0x22, 0x32, 0x22, 0x22, 0x22, 0x22, 0x22, 0x22, 0x22, 0x20, 0x20, 0x20, 0x20, 0x00, 0x00, 
  /*3E50:*/ 0x00, 0x00, 0x00, 0x00, 0x00, 0x00, 0x00, 0x00, 0x00, 0x02, 0x22, 0x23, 0x44, 0x23, 0x22, 0x02, 
  /*3E60:*/ 0x02, 0x10, 0x20, 0x21, 0x02, 0x32, 0x32, 0x23, 0x22, 0x32, 0x21, 0x42, 0x21, 0x42, 0x3B, 0xBE, 
  /*3E70:*/ 0xEF, 0xFF, 0xFF, 0xFF, 0xFF, 0xFF, 0xFF, 0xFF, 0xFF, 0xFF, 0xFF, 0xFF, 0xFF, 0xFF, 0xFF, 0xFF, 
  /*3E80:*/ 0xFF, 0xFF, 0xFF, 0xFF, 0xFF, 0xFF, 0xFF, 0xFF, 0xFF, 0xFF, 0xFF, 0xFF, 0xFF, 0xFF, 0xFF, 0xFF, 
  /*3E90:*/ 0xFF, 0xFF, 0xFF, 0xFF, 0xFF, 0xFF, 0xFB, 0x63, 0x12, 0x12, 0x33, 0x46, 0x44, 0x22, 0x10, 0x20, 
  /*3EA0:*/ 0x10, 0x01, 0x00, 0x00, 0x00, 0x00, 0x00, 0x00, 0x00, 0x00, 0x00, 0x00, 0x00, 0x00, 0x00, 0x00, 
  /*3EB0:*/ 0x00, 0x00, 0x00, 0x00, 0x02, 0x00, 0x00, 0x00, 0x00, 0x00, 0x20, 0x20, 0x00, 0x00, 0x20, 0x00, 
  /*3EC0:*/ 0x00, 0x20, 0x00, 0x02, 0x00, 0x00, 0x00, 0x00, 0x00, 0x00, 0x00, 0x00, 0x00, 0x00, 0x00, 0x00, 
  /*3ED0:*/ 0x00, 0x00, 0x00, 0x00, 0x00, 0x00, 0x02, 0x02, 0x12, 0x10, 0x11, 0x23, 0x44, 0x42, 0x14, 0x01, 
  /*3EE0:*/ 0x02, 0x21, 0x20, 0x12, 0x22, 0x23, 0x23, 0x22, 0x32, 0x22, 0x40, 0x21, 0x42, 0x22, 0x4B, 0x9E, 
  /*3EF0:*/ 0xEF, 0xFF, 0xFF, 0xFF, 0xFF, 0xFF, 0xFF, 0xFF, 0xFF, 0xFF, 0xFF, 0xFF, 0xFF, 0xFF, 0xFF, 0xFF, 
  /*3F00:*/ 0xFF, 0xFF, 0xFF, 0xFF, 0xFF, 0xFF, 0xFF, 0xFF, 0xFF, 0xFF, 0xFF, 0xFF, 0xFF, 0xFF, 0xFF, 0xFF, 
  /*3F10:*/ 0xFF, 0xFF, 0xFF, 0xFF, 0xFF, 0xFF, 0xFB, 0x83, 0x22, 0x31, 0x35, 0x54, 0x42, 0x22, 0x21, 0x02, 
  /*3F20:*/ 0x12, 0x20, 0x21, 0x20, 0x20, 0x01, 0x01, 0x00, 0x00, 0x00, 0x00, 0x00, 0x00, 0x00, 0x00, 0x00, 
  /*3F30:*/ 0x00, 0x00, 0x00, 0x00, 0x00, 0x00, 0x00, 0x00, 0x00, 0x00, 0x00, 0x00, 0x00, 0x00, 0x00, 0x00, 
  /*3F40:*/ 0x00, 0x00, 0x00, 0x00, 0x00, 0x00, 0x00, 0x00, 0x00, 0x00, 0x00, 0x00, 0x00, 0x00, 0x00, 0x00, 
  /*3F50:*/ 0x00, 0x10, 0x01, 0x02, 0x12, 0x22, 0x22, 0x21, 0x20, 0x22, 0x12, 0x12, 0x24, 0x44, 0x42, 0x21, 
  /*3F60:*/ 0x21, 0x20, 0x20, 0x22, 0x21, 0x01, 0x02, 0x01, 0x21, 0x21, 0x12, 0x42, 0x12, 0x41, 0x89, 0xBE, 
  /*3F70:*/ 0xEF, 0xFF, 0xFF, 0xFF, 0xFF, 0xFF, 0xFF, 0xFF, 0xFF, 0xFF, 0xFF, 0xFF, 0xFF, 0xFF, 0xFF, 0xFF, 
  /*3F80:*/ 0xFF, 0xFF, 0xFF, 0xFF, 0xFF, 0xFF, 0xFF, 0xFF, 0xFF, 0xFF, 0xFF, 0xFF, 0xFF, 0xFF, 0xFF, 0xFF, 
  /*3F90:*/ 0xFF, 0xFF, 0xFF, 0xFF, 0xFF, 0xFF, 0xEB, 0x96, 0x01, 0x22, 0x35, 0x44, 0x32, 0x21, 0x12, 0x12, 
  /*3FA0:*/ 0x12, 0x22, 0x21, 0x21, 0x21, 0x20, 0x20, 0x21, 0x21, 0x02, 0x10, 0x20, 0x10, 0x01, 0x00, 0x00, 
  /*3FB0:*/ 0x00, 0x00, 0x00, 0x00, 0x00, 0x00, 0x00, 0x00, 0x00, 0x00, 0x00, 0x00, 0x00, 0x00, 0x00, 0x00, 
  /*3FC0:*/ 0x00, 0x00, 0x00, 0x00, 0x00, 0x00, 0x00, 0x00, 0x01, 0x00, 0x10, 0x10, 0x21, 0x21, 0x22, 0x21, 
  /*3FD0:*/ 0x22, 0x22, 0x22, 0x22, 0x21, 0x21, 0x21, 0x22, 0x22, 0x21, 0x20, 0x22, 0x44, 0x54, 0x42, 0x20, 
  /*3FE0:*/ 0x10, 0x21, 0x22, 0x12, 0x12, 0x22, 0x22, 0x12, 0x22, 0x14, 0x24, 0x22, 0x41, 0x41, 0x9B, 0xBE, 
  /*3FF0:*/ 0xEF, 0xFF, 0xFF, 0xFF, 0xFF, 0xFF, 0xFF, 0xFF, 0xFF, 0xFF, 0xFF, 0xFF, 0xFF, 0xFF, 0xFF, 0xFF, 
  /*4000:*/ 0xFF, 0xFF, 0xFF, 0xFF, 0xFF, 0xFF, 0xFF, 0xFF, 0xFF, 0xFF, 0xFF, 0xFF, 0xFF, 0xFF, 0xFF, 0xFF, 
  /*4010:*/ 0xFF, 0xFF, 0xFF, 0xFF, 0xFF, 0xFF, 0xFE, 0x89, 0x30, 0x22, 0x13, 0x33, 0x22, 0x12, 0x22, 0x22, 
  /*4020:*/ 0x23, 0x22, 0x32, 0x22, 0x22, 0x22, 0x22, 0x22, 0x22, 0x21, 0x22, 0x12, 0x22, 0x22, 0x21, 0x21, 
  /*4030:*/ 0x21, 0x22, 0x12, 0x21, 0x21, 0x21, 0x02, 0x10, 0x21, 0x02, 0x02, 0x10, 0x21, 0x02, 0x10, 0x21, 
  /*4040:*/ 0x02, 0x12, 0x12, 0x12, 0x22, 0x22, 0x22, 0x22, 0x22, 0x22, 0x22, 0x22, 0x22, 0x22, 0x22, 0x12, 
  /*4050:*/ 0x22, 0x21, 0x22, 0x22, 0x22, 0x32, 0x23, 0x23, 0x23, 0x22, 0x22, 0x12, 0x22, 0x32, 0x22, 0x10, 
  /*4060:*/ 0x21, 0x20, 0x22, 0x12, 0x22, 0x21, 0x21, 0x22, 0x12, 0x22, 0x10, 0x22, 0x24, 0x16, 0x8B, 0xEE, 
  /*4070:*/ 0xEF, 0xFF, 0xFF, 0xFF, 0xFF, 0xFF, 0xFF, 0xFF, 0xFF, 0xFF, 0xFF, 0xFF, 0xFF, 0xFF, 0xFF, 0xFF, 
  /*4080:*/ 0xFF, 0xFF, 0xFF, 0xFF, 0xFF, 0xFF, 0xFF, 0xFF, 0xFF, 0xFF, 0xFF, 0xFF, 0xFF, 0xFF, 0xFF, 0xFF, 
  /*4090:*/ 0xFF, 0xFF, 0xFF, 0xFF, 0xFF, 0xFF, 0xFF, 0x96, 0x82, 0x12, 0x21, 0x21, 0x22, 0x12, 0x32, 0x13, 
  /*40A0:*/ 0x22, 0x22, 0x12, 0x22, 0x23, 0x21, 0x32, 0x21, 0x21, 0x22, 0x22, 0x23, 0x21, 0x23, 0x22, 0x23, 
  /*40B0:*/ 0x22, 0x32, 0x23, 0x22, 0x22, 0x22, 0x32, 0x23, 0x22, 0x22, 0x32, 0x22, 0x22, 0x22, 0x22, 0x22, 
  /*40C0:*/ 0x22, 0x22, 0x22, 0x22, 0x23, 0x12, 0x31, 0x23, 0x22, 0x32, 0x23, 0x23, 0x23, 0x23, 0x23, 0x24, 
  /*40D0:*/ 0x32, 0x34, 0x24, 0x23, 0x23, 0x22, 0x42, 0x22, 0x22, 0x22, 0x12, 0x21, 0x21, 0x21, 0x01, 0x02, 
  /*40E0:*/ 0x00, 0x22, 0x01, 0x02, 0x21, 0x22, 0x21, 0x21, 0x22, 0x21, 0x22, 0x31, 0x41, 0x4B, 0x9B, 0xEE, 
  /*40F0:*/ 0xEF, 0xFF, 0xFF, 0xFF, 0xFF, 0xFF, 0xFF, 0xFF, 0xFF, 0xFF, 0xFF, 0xFF, 0xFF, 0xFF, 0xFF, 0xFF, 
  /*4100:*/ 0xFF, 0xFF, 0xFF, 0xFF, 0xFF, 0xFF, 0xFF, 0xFF, 0xFF, 0xFF, 0xFF, 0xFF, 0xFF, 0xFF, 0xFF, 0xFF, 
  /*4110:*/ 0xFF, 0xFF, 0xFF, 0xFF, 0xFF, 0xFF, 0xFE, 0xBB, 0x86, 0x30, 0x22, 0x12, 0x22, 0x32, 0x12, 0x22, 
  /*4120:*/ 0x11, 0x21, 0x20, 0x21, 0x01, 0x02, 0x01, 0x10, 0x21, 0x11, 0x10, 0x10, 0x10, 0x20, 0x01, 0x10, 
  /*4130:*/ 0x20, 0x12, 0x02, 0x12, 0x12, 0x22, 0x12, 0x21, 0x22, 0x21, 0x10, 0x21, 0x21, 0x22, 0x12, 0x22, 
  /*4140:*/ 0x12, 0x21, 0x22, 0x12, 0x10, 0x21, 0x02, 0x20, 0x12, 0x01, 0x22, 0x01, 0x20, 0x10, 0x10, 0x20, 
  /*4150:*/ 0x02, 0x00, 0x00, 0x20, 0x20, 0x20, 0x02, 0x02, 0x01, 0x01, 0x01, 0x01, 0x00, 0x20, 0x22, 0x20, 
  /*4160:*/ 0x21, 0x12, 0x22, 0x11, 0x02, 0x12, 0x13, 0x22, 0x31, 0x22, 0x12, 0x12, 0x46, 0x99, 0xBB, 0xEE, 
  /*4170:*/ 0xFF, 0xFF, 0xFF, 0xFF, 0xFF, 0xFF, 0xFF, 0xFF, 0xFF, 0xFF, 0xFF, 0xFF, 0xFF, 0xFF, 0xFF, 0xFF, 
  /*4180:*/ 0xFF, 0xFF, 0xFF, 0xFF, 0xFF, 0xFF, 0xFF, 0xFF, 0xFF, 0xFF, 0xFF, 0xFF, 0xFF, 0xFF, 0xFF, 0xFF, 
  /*4190:*/ 0xFF, 0xFF, 0xFF, 0xFF, 0xFF, 0xFF, 0xFF, 0xE9, 0xB9, 0x86, 0x33, 0x21, 0x21, 0x00, 0x10, 0x10, 
  /*41A0:*/ 0x01, 0x00, 0x10, 0x01, 0x02, 0x10, 0x22, 0x02, 0x21, 0x22, 0x22, 0x22, 0x22, 0x12, 0x12, 0x22, 
  /*41B0:*/ 0x12, 0x22, 0x12, 0x02, 0x21, 0x10, 0x20, 0x20, 0x20, 0x12, 0x02, 0x21, 0x02, 0x10, 0x21, 0x01, 
  /*41C0:*/ 0x21, 0x02, 0x10, 0x21, 0x02, 0x10, 0x21, 0x01, 0x21, 0x21, 0x02, 0x12, 0x01, 0x22, 0x22, 0x01, 
  /*41D0:*/ 0x20, 0x12, 0x02, 0x12, 0x01, 0x20, 0x12, 0x01, 0x20, 0x21, 0x02, 0x10, 0x21, 0x02, 0x10, 0x12, 
  /*41E0:*/ 0x01, 0x01, 0x02, 0x02, 0x20, 0x22, 0x02, 0x12, 0x12, 0x34, 0x45, 0x86, 0x99, 0x8B, 0xBE, 0xEE, 
  /*41F0:*/ 0xFF, 0xFF, 0xFF, 0xFF, 0xFF, 0xFF, 0xFF, 0xFF, 0xFF, 0xFF, 0xFF, 0xE6, 0x96, 0x96, 0x96, 0x96, 
  /*4200:*/ 0x96, 0x96, 0x96, 0x99, 0x69, 0x96, 0x99, 0x69, 0x96, 0x99, 0x69, 0x69, 0x9B, 0xFF, 0xFF, 0xFF, 
  /*4210:*/ 0xFF, 0xFF, 0xFF, 0xFF, 0xFF, 0xFF, 0xFF, 0xFB, 0x8B, 0x6B, 0x8B, 0x99, 0x86, 0x98, 0x68, 0x68, 
  /*4220:*/ 0x65, 0x84, 0x54, 0x44, 0x44, 0x44, 0x32, 0x32, 0x12, 0x20, 0x21, 0x01, 0x00, 0x01, 0x00, 0x01, 
  /*4230:*/ 0x01, 0x01, 0x02, 0x11, 0x20, 0x22, 0x12, 0x10, 0x21, 0x02, 0x02, 0x02, 0x01, 0x02, 0x01, 0x02, 
  /*4240:*/ 0x01, 0x20, 0x02, 0x02, 0x01, 0x02, 0x00, 0x20, 0x20, 0x02, 0x01, 0x00, 0x20, 0x20, 0x00, 0x02, 
  /*4250:*/ 0x00, 0x00, 0x20, 0x00, 0x00, 0x02, 0x00, 0x00, 0x01, 0x02, 0x10, 0x22, 0x22, 0x32, 0x34, 0x44, 
  /*4260:*/ 0x44, 0x54, 0x64, 0x86, 0x86, 0x86, 0x8B, 0x9B, 0x9B, 0x9B, 0x99, 0xB8, 0xB9, 0xBB, 0xBE, 0xEE, 
  /*4270:*/ 0xFF, 0xFF, 0xFF, 0xFF, 0xFF, 0xFF, 0xFF, 0xFF, 0xFF, 0xFF, 0xFF, 0x64, 0x44, 0x44, 0x44, 0x44, 
  /*4280:*/ 0x45, 0x44, 0x54, 0x45, 0x44, 0x54, 0x45, 0x44, 0x54, 0x45, 0x44, 0x54, 0x46, 0xEF, 0xFF, 0xFF, 
  /*4290:*/ 0xFF, 0xFF, 0xFF, 0xFF, 0xFF, 0xFF, 0xFF, 0xB6, 0x68, 0xB8, 0xB6, 0x96, 0xB9, 0xB9, 0x9B, 0x69, 
  /*42A0:*/ 0x9B, 0x6B, 0x9B, 0xBB, 0x9B, 0x9B, 0x9B, 0x9B, 0x9B, 0x6B, 0x96, 0x96, 0x96, 0x96, 0x69, 0x66, 
  /*42B0:*/ 0x66, 0x65, 0x65, 0x65, 0x64, 0x65, 0x64, 0x65, 0x54, 0x64, 0x64, 0x64, 0x64, 0x64, 0x55, 0x46, 
  /*42C0:*/ 0x45, 0x45, 0x45, 0x44, 0x54, 0x54, 0x45, 0x34, 0x45, 0x44, 0x54, 0x54, 0x54, 0x54, 0x55, 0x45, 
  /*42D0:*/ 0x58, 0x55, 0x85, 0x68, 0x66, 0x86, 0x68, 0x69, 0x69, 0x96, 0x99, 0x69, 0x99, 0x9B, 0x99, 0xB9, 
  /*42E0:*/ 0xB9, 0xB8, 0xBB, 0x8B, 0x6B, 0x9B, 0xB9, 0xB8, 0xB9, 0xB8, 0xBB, 0x8B, 0x9B, 0xBE, 0xEE, 0xEF, 
  /*42F0:*/ 0xFF, 0xFF, 0xFF, 0xFF, 0xFF, 0xFF, 0xFF, 0xFF, 0xFF, 0xFF, 0xF9, 0x44, 0x54, 0x45, 0x44, 0x54, 
  /*4300:*/ 0x44, 0x44, 0x45, 0x34, 0x44, 0x44, 0x44, 0x44, 0x44, 0x44, 0x44, 0x44, 0x44, 0xEE, 0xFF, 0xFF, 
  /*4310:*/ 0xFF, 0xFF, 0xFF, 0xFF, 0xFF, 0xFF, 0xF9, 0x4B, 0x9B, 0x6B, 0x99, 0xB8, 0xB6, 0x9B, 0x6B, 0xBB, 
  /*4320:*/ 0x9B, 0xB9, 0xBB, 0x9B, 0xBB, 0xB6, 0xBB, 0x9B, 0xB9, 0xBB, 0xBB, 0xBB, 0xBB, 0xBB, 0xBB, 0x9B, 
  /*4330:*/ 0x9B, 0x9B, 0xBB, 0x9B, 0xBB, 0xBB, 0x9B, 0xBB, 0xBB, 0xBB, 0xBB, 0xBB, 0xBB, 0xBB, 0xBB, 0xBB, 
  /*4340:*/ 0xBB, 0xBB, 0xBB, 0xBB, 0xBB, 0xBB, 0xBB, 0xBE, 0xBB, 0xBB, 0xBB, 0xBB, 0xBB, 0xBB, 0xBB, 0xBB, 
  /*4350:*/ 0xB9, 0x68, 0x66, 0x86, 0x96, 0x96, 0x96, 0x96, 0x96, 0x86, 0x96, 0x86, 0x86, 0x96, 0x86, 0x68, 
  /*4360:*/ 0x68, 0x69, 0x68, 0x69, 0x68, 0x68, 0x68, 0x66, 0x86, 0x86, 0x9B, 0xBB, 0x6B, 0xBE, 0xEE, 0xEF, 
  /*4370:*/ 0xFF, 0xFF, 0xFF, 0xFF, 0xFF, 0xFF, 0xFF, 0xFF, 0xFF, 0xFF, 0xE5, 0x44, 0x44, 0x44, 0x45, 0x44, 
  /*4380:*/ 0x54, 0x84, 0x53, 0x54, 0x84, 0x54, 0x54, 0x54, 0x54, 0x45, 0x44, 0x53, 0x34, 0x9F, 0xFF, 0xFF, 
  /*4390:*/ 0xFF, 0xFF, 0xFF, 0xFF, 0xFF, 0xFF, 0x93, 0x69, 0xB8, 0xB9, 0x6B, 0x8B, 0x6B, 0x8B, 0x99, 0x9B, 
  /*43A0:*/ 0xB6, 0xBB, 0x9B, 0xB6, 0xB9, 0xBB, 0xC9, 0xB7, 0xBB, 0xB9, 0xB9, 0xBB, 0xB9, 0xBB, 0x9B, 0xBB, 
  /*43B0:*/ 0xBB, 0xBB, 0x9B, 0xBB, 0xB9, 0xBB, 0xBB, 0xB9, 0xBB, 0xBC, 0xBC, 0xBA, 0xBC, 0xBC, 0xBB, 0xBB, 
  /*43C0:*/ 0xBB, 0xBB, 0xBB, 0xBB, 0xBB, 0xBB, 0xBB, 0xBC, 0xBB, 0xBB, 0xBB, 0xBB, 0xBB, 0xBB, 0xBB, 0xBB, 
  /*43D0:*/ 0xBB, 0x96, 0x96, 0x96, 0x86, 0x98, 0x69, 0x99, 0x69, 0x96, 0x98, 0xB6, 0xB6, 0x86, 0xB8, 0x96, 
  /*43E0:*/ 0x99, 0x68, 0x96, 0x96, 0x89, 0x69, 0x69, 0x68, 0x69, 0x69, 0x6B, 0x8B, 0x8B, 0xBE, 0xEE, 0xFF, 
  /*43F0:*/ 0xFF, 0xFF, 0xFF, 0xFF, 0xFF, 0xFF, 0xFF, 0xFF, 0xFF, 0xFF, 0x94, 0x45, 0x45, 0x45, 0x48, 0x45, 
  /*4400:*/ 0x45, 0x45, 0x48, 0x34, 0x54, 0x44, 0x84, 0x44, 0x46, 0x34, 0x45, 0x33, 0x24, 0x9E, 0xFF, 0xFF, 
  /*4410:*/ 0xFF, 0xFF, 0xFF, 0xFF, 0xFF, 0xF9, 0x32, 0x9B, 0x9B, 0x9B, 0x8B, 0x6B, 0x8B, 0x69, 0xBB, 0x6B, 
  /*4420:*/ 0xBB, 0x9B, 0xB6, 0xBB, 0xBB, 0x9B, 0xBB, 0xB9, 0xB9, 0xBB, 0xBB, 0xB9, 0xBB, 0xBC, 0xBC, 0xBC, 
  /*4430:*/ 0xCB, 0xCB, 0xBB, 0xCB, 0xBB, 0xBC, 0xBC, 0xBB, 0xBC, 0xBC, 0xBC, 0xBB, 0xCB, 0xCB, 0xB9, 0xBC, 
  /*4440:*/ 0xBC, 0xB9, 0xBB, 0xBB, 0xBC, 0xBB, 0xBC, 0xBB, 0xCB, 0xBA, 0xBC, 0xB9, 0xBC, 0xBC, 0x9B, 0xB9, 
  /*4450:*/ 0xBB, 0x96, 0x86, 0x96, 0x99, 0x69, 0x69, 0x68, 0x96, 0x98, 0x6B, 0x68, 0x68, 0x96, 0x69, 0x68, 
  /*4460:*/ 0x69, 0x69, 0x68, 0x69, 0x69, 0x86, 0x96, 0x89, 0x69, 0x68, 0x9B, 0xBB, 0xB9, 0xBE, 0xEF, 0xFF, 
  /*4470:*/ 0xFF, 0xFF, 0xFF, 0xFF, 0xFF, 0xFF, 0xFF, 0xFF, 0xFF, 0xFB, 0x44, 0x44, 0x44, 0x83, 0x44, 0x44, 
  /*4480:*/ 0x44, 0x44, 0x44, 0x54, 0x44, 0x63, 0x44, 0x64, 0x44, 0x45, 0x34, 0x43, 0x44, 0x9E, 0xFF, 0xFF, 
  /*4490:*/ 0xFF, 0xFF, 0xFF, 0xFF, 0xFE, 0x63, 0x26, 0xB9, 0xB9, 0xB6, 0xB9, 0xB9, 0x9B, 0x9B, 0x6B, 0xB9, 
  /*44A0:*/ 0xB9, 0xBB, 0xBB, 0xBB, 0x9B, 0x7B, 0x9B, 0xBB, 0xBB, 0xB6, 0xBB, 0xBB, 0xCB, 0x9B, 0xB9, 0xBB, 
  /*44B0:*/ 0xBC, 0xB9, 0xBC, 0xB9, 0xBC, 0xBB, 0xBB, 0xCB, 0xCB, 0xBB, 0xCB, 0xCB, 0xBB, 0xBC, 0xBB, 0xBB, 
  /*44C0:*/ 0xB9, 0xBB, 0xBC, 0xBC, 0x9B, 0xBB, 0xCB, 0x9B, 0xBB, 0xCB, 0xBB, 0xBB, 0xCB, 0xBB, 0xBB, 0xBB, 
  /*44D0:*/ 0xBB, 0x99, 0x69, 0x96, 0x96, 0x96, 0x99, 0x69, 0x69, 0x69, 0x68, 0x69, 0x69, 0x68, 0x68, 0x69, 
  /*44E0:*/ 0x68, 0x68, 0x69, 0x68, 0x96, 0x68, 0x96, 0x96, 0x86, 0x96, 0x8B, 0x9B, 0x96, 0xBE, 0xEF, 0xFF, 
  /*44F0:*/ 0xFF, 0xFF, 0xFF, 0xFF, 0xFF, 0xFF, 0xFF, 0xFF, 0xFF, 0xF8, 0x45, 0x44, 0x84, 0x44, 0x45, 0x46, 
  /*4500:*/ 0x48, 0x46, 0x44, 0x54, 0x63, 0x45, 0x45, 0x34, 0x64, 0x44, 0x84, 0x42, 0x44, 0x6F, 0xFF, 0xFF, 
  /*4510:*/ 0xFF, 0xFF, 0xFF, 0xFF, 0xE5, 0x31, 0x69, 0xB9, 0xB6, 0xB9, 0xB8, 0xB9, 0xB6, 0xB8, 0xB9, 0xBB, 
  /*4520:*/ 0xBB, 0xB6, 0xBB, 0x9B, 0xBB, 0x9B, 0xB6, 0xB9, 0xB6, 0xBB, 0xBC, 0x9B, 0xBB, 0xBC, 0xBB, 0xBC, 
  /*4530:*/ 0xB9, 0xBB, 0xBB, 0xBB, 0xCB, 0xCB, 0xCB, 0xBB, 0xB9, 0xBC, 0xB9, 0xBB, 0xCB, 0xCB, 0xBC, 0xBB, 
  /*4540:*/ 0xCB, 0xBB, 0xBB, 0xBB, 0xBB, 0xB9, 0xBB, 0xBB, 0xBC, 0xBB, 0xCB, 0xCB, 0xBB, 0xCB, 0xBB, 0xBB, 
  /*4550:*/ 0xBB, 0x96, 0x96, 0x86, 0x89, 0x68, 0x69, 0x86, 0x98, 0x69, 0x69, 0x68, 0x96, 0x89, 0x96, 0x99, 
  /*4560:*/ 0x69, 0x96, 0x99, 0x96, 0xB8, 0x96, 0xB8, 0x6B, 0x98, 0x6B, 0x69, 0xBB, 0xBB, 0xBB, 0xEF, 0xFF, 
  /*4570:*/ 0xFF, 0xFF, 0xFF, 0xFF, 0xFF, 0xFF, 0xFF, 0xFF, 0xFF, 0xB5, 0x58, 0x64, 0x64, 0x65, 0x64, 0x85, 
  /*4580:*/ 0x85, 0x58, 0x58, 0x64, 0x85, 0x85, 0x85, 0x85, 0x85, 0x85, 0x54, 0x42, 0x44, 0x9E, 0xFF, 0xFF, 
  /*4590:*/ 0xFF, 0xFF, 0xFF, 0xFB, 0x43, 0x29, 0x9B, 0xBB, 0x9B, 0x8B, 0x9B, 0x6B, 0x9B, 0x8B, 0xB9, 0xB9, 
  /*45A0:*/ 0xB6, 0xBB, 0xBB, 0xB9, 0xBB, 0xB6, 0xBB, 0xBB, 0xBB, 0xBB, 0xBB, 0xBB, 0x6B, 0xBB, 0x9B, 0xB9, 
  /*45B0:*/ 0xBB, 0xBC, 0xCB, 0xCB, 0xBB, 0xBB, 0xBC, 0xB9, 0xBD, 0xBB, 0xBB, 0xBC, 0xBB, 0xBC, 0xBB, 0x9B, 
  /*45C0:*/ 0xBB, 0xCB, 0xCB, 0xCB, 0xBB, 0xBB, 0xBB, 0xBB, 0xBB, 0xBB, 0xBB, 0xBB, 0xCB, 0xBA, 0xBB, 0xAB, 
  /*45D0:*/ 0xBB, 0x98, 0x69, 0x69, 0x96, 0x9B, 0x96, 0xB9, 0x6B, 0x96, 0xB8, 0x96, 0x99, 0xB6, 0x9B, 0x69, 
  /*45E0:*/ 0x9B, 0x8B, 0x8B, 0x68, 0xB6, 0xB8, 0x69, 0x96, 0x86, 0x98, 0x68, 0xBB, 0x8B, 0x9B, 0xEF, 0xFF, 
  /*45F0:*/ 0xFF, 0xFF, 0xFF, 0xFF, 0xFF, 0xFF, 0xFF, 0xFF, 0xFE, 0x64, 0x84, 0x65, 0x85, 0x85, 0x86, 0x58, 
  /*4600:*/ 0x56, 0x46, 0x64, 0x86, 0x56, 0x46, 0x46, 0x46, 0x46, 0x58, 0x63, 0x34, 0x44, 0x6F, 0xFF, 0xFF, 
  /*4610:*/ 0xFF, 0xFF, 0xFB, 0x61, 0x34, 0x9B, 0x6B, 0xB9, 0xBB, 0xB9, 0xB6, 0xB8, 0xB6, 0xB9, 0xB6, 0xBB, 
  /*4620:*/ 0xBB, 0x9B, 0x9B, 0xBC, 0x6B, 0xBB, 0xB9, 0xBB, 0xBB, 0x9B, 0xB9, 0xBB, 0xBB, 0xCB, 0xBB, 0xBB, 
  /*4630:*/ 0xBC, 0xBB, 0xB9, 0xBB, 0xBC, 0xBA, 0xBB, 0xBB, 0xCB, 0xCB, 0xCB, 0xCB, 0xBC, 0xBB, 0x9B, 0xBB, 
  /*4640:*/ 0xBB, 0xBB, 0xBB, 0xB9, 0xBB, 0xBB, 0xBB, 0xAB, 0xBB, 0xAB, 0xBB, 0xAB, 0xBB, 0xBB, 0xBB, 0xBB, 
  /*4650:*/ 0xBB, 0xB9, 0x99, 0x6B, 0x69, 0x86, 0x99, 0x69, 0x96, 0x98, 0x96, 0x99, 0x68, 0x69, 0x86, 0x8B, 
  /*4660:*/ 0x86, 0x69, 0x68, 0xB6, 0x89, 0x69, 0x96, 0x86, 0xB9, 0x69, 0x96, 0xBB, 0xBB, 0x9B, 0xEF, 0xFF, 
  /*4670:*/ 0xFF, 0xFF, 0xFF, 0xFF, 0xFF, 0xFF, 0xFF, 0xFF, 0xF9, 0x58, 0x55, 0x84, 0x64, 0x64, 0x64, 0x64, 
  /*4680:*/ 0x68, 0x58, 0x46, 0x58, 0x46, 0x85, 0x86, 0x58, 0x64, 0x84, 0x53, 0x34, 0x44, 0x9E, 0xFF, 0xFF, 
  /*4690:*/ 0xFE, 0xB6, 0x53, 0x14, 0x6B, 0x99, 0xBB, 0x9B, 0x8B, 0x8B, 0x8B, 0xB9, 0xB9, 0xB6, 0xBB, 0x9B, 
  /*46A0:*/ 0x9B, 0xBB, 0xB9, 0xBB, 0xBB, 0x9B, 0xBB, 0x9B, 0x9B, 0xBB, 0xBB, 0xBB, 0x9B, 0xB9, 0xBC, 0xB7, 
  /*46B0:*/ 0xBB, 0xBC, 0xBB, 0xBC, 0xBB, 0xBB, 0xBB, 0xCB, 0xBC, 0xBC, 0xBC, 0xBB, 0xB9, 0xBB, 0xBB, 0xBB, 
  /*46C0:*/ 0xCB, 0xBC, 0xB9, 0xBB, 0xBA, 0xBB, 0xAB, 0xBB, 0xBB, 0xBB, 0xBB, 0xBB, 0xBA, 0xBC, 0xBB, 0xBA, 
  /*46D0:*/ 0xBB, 0x99, 0x6B, 0x8B, 0x9B, 0xB9, 0xB6, 0xBB, 0xBB, 0xBB, 0xB9, 0xBB, 0xBB, 0xBB, 0xBB, 0x9B, 
  /*46E0:*/ 0x6B, 0xBB, 0xBB, 0x9B, 0xBB, 0x9B, 0xB9, 0xB9, 0x86, 0xB8, 0x68, 0xB9, 0xBB, 0x9B, 0xEE, 0xFF, 
  /*46F0:*/ 0xFF, 0xFF, 0xFF, 0xFF, 0xFF, 0xFF, 0xFF, 0xFF, 0xB4, 0x44, 0x34, 0x44, 0x44, 0x44, 0x44, 0x45, 
  /*4700:*/ 0x34, 0x44, 0x53, 0x44, 0x53, 0x44, 0x44, 0x44, 0x44, 0x44, 0x44, 0x44, 0x44, 0x6F, 0xEB, 0x96, 
  /*4710:*/ 0x54, 0x31, 0x34, 0x69, 0xB9, 0x9B, 0xB9, 0xB8, 0xB6, 0x96, 0xB6, 0x86, 0x86, 0x89, 0x86, 0x9B, 
  /*4720:*/ 0x69, 0x6B, 0x96, 0xB9, 0x6B, 0x99, 0x99, 0xB6, 0xB9, 0x99, 0x9B, 0x69, 0xB9, 0xB6, 0xB6, 0x9B, 
  /*4730:*/ 0x99, 0x99, 0x99, 0xB9, 0x99, 0x9B, 0x99, 0x99, 0xB9, 0x9B, 0x99, 0xB9, 0x9B, 0x9B, 0x9B, 0x9B, 
  /*4740:*/ 0x99, 0xB9, 0xB9, 0xB9, 0xBB, 0x9B, 0xB9, 0xB9, 0xBA, 0xB9, 0xBA, 0xBA, 0xBB, 0xAB, 0x9A, 0xBB, 
  /*4750:*/ 0x9B, 0xBB, 0xBB, 0xBB, 0xB9, 0xBB, 0xB9, 0xB8, 0xB9, 0x96, 0xB8, 0xB6, 0x8B, 0x86, 0x99, 0xB6, 
  /*4760:*/ 0xB8, 0xB8, 0x69, 0xB8, 0xB6, 0x98, 0xB6, 0xBB, 0xBB, 0x9B, 0xBB, 0xBB, 0xBB, 0xBB, 0xBE, 0xEF, 
  /*4770:*/ 0xFF, 0xFF, 0xFF, 0xFF, 0xFF, 0xFF, 0xFF, 0xFF, 0x94, 0x44, 0x44, 0x54, 0x54, 0x54, 0x54, 0x44, 
  /*4780:*/ 0x44, 0x44, 0x45, 0x44, 0x44, 0x54, 0x44, 0x44, 0x45, 0x44, 0x42, 0x45, 0x45, 0x44, 0x42, 0x31, 
  /*4790:*/ 0x34, 0x46, 0x9B, 0xBB, 0x9B, 0x9B, 0xBB, 0xBB, 0xBB, 0x9B, 0x8B, 0xB9, 0xBB, 0xBB, 0xBB, 0xBB, 
  /*47A0:*/ 0xBB, 0xBB, 0xBB, 0xBB, 0xB9, 0xBB, 0xBB, 0xBB, 0xBB, 0xBB, 0xBB, 0xBB, 0xBB, 0xBB, 0xBB, 0xBB, 
  /*47B0:*/ 0xBB, 0xBB, 0xBD, 0xBB, 0xBB, 0xBC, 0xBB, 0xDB, 0xCB, 0xBC, 0xBC, 0xBC, 0xBB, 0xB7, 0xBB, 0xCB, 
  /*47C0:*/ 0xBB, 0xCB, 0xBB, 0xBB, 0x9B, 0xB9, 0xBB, 0xBB, 0xBB, 0xBB, 0xBB, 0xCB, 0x9C, 0xBC, 0xBB, 0x9B, 
  /*47D0:*/ 0xB9, 0xBB, 0xBB, 0xB9, 0xBB, 0xBB, 0xBB, 0xBB, 0xBB, 0xBB, 0xBB, 0xBB, 0xBB, 0xBB, 0xBB, 0xBB, 
  /*47E0:*/ 0xBB, 0xBB, 0xBB, 0xBB, 0x9B, 0xBB, 0xBB, 0x8B, 0x9B, 0xB8, 0xB9, 0x98, 0xB8, 0xB9, 0xBE, 0xEF, 
  /*47F0:*/ 0xFF, 0xFF, 0xFF, 0xFF, 0xFF, 0xFF, 0xFF, 0xFE, 0x84, 0x45, 0x44, 0x44, 0x44, 0x44, 0x45, 0x45, 
  /*4800:*/ 0x45, 0x45, 0x34, 0x45, 0x44, 0x44, 0x54, 0x54, 0x44, 0x45, 0x34, 0x54, 0x58, 0x45, 0x45, 0x58, 
  /*4810:*/ 0x9B, 0xEE, 0xBB, 0xB9, 0xB9, 0xBB, 0xBB, 0x8B, 0x9B, 0x8B, 0xB6, 0xB9, 0xB6, 0x9B, 0x6B, 0x9B, 
  /*4820:*/ 0x9B, 0xBB, 0x9B, 0xB9, 0xBB, 0xBB, 0xBB, 0x9B, 0xBB, 0xBB, 0xBB, 0xBB, 0xB9, 0xBB, 0xBB, 0xBB, 
  /*4830:*/ 0xBB, 0xCB, 0xBB, 0xCB, 0xCB, 0xBB, 0xBB, 0xCB, 0xCB, 0xCB, 0xCB, 0xBB, 0xB7, 0xBB, 0xBB, 0xBB, 
  /*4840:*/ 0xCB, 0xBB, 0xCB, 0xCB, 0xBB, 0xBB, 0xBB, 0xBB, 0xBC, 0xBC, 0xBB, 0xBB, 0xBB, 0xBB, 0xCB, 0xBB, 
  /*4850:*/ 0xBB, 0x85, 0x44, 0x45, 0x34, 0x44, 0x44, 0x44, 0x44, 0x44, 0x44, 0x44, 0x44, 0x44, 0x44, 0x44, 
  /*4860:*/ 0x44, 0x44, 0x44, 0x44, 0x53, 0x84, 0x46, 0x46, 0x48, 0x46, 0x58, 0x66, 0xBB, 0xBB, 0xBB, 0xEF, 
  /*4870:*/ 0xFF, 0xFF, 0xFF, 0xFF, 0xFF, 0xFF, 0xFF, 0xFB, 0x44, 0x44, 0x45, 0x44, 0x44, 0x44, 0x44, 0x43, 
  /*4880:*/ 0x43, 0x43, 0x44, 0x44, 0x44, 0x44, 0x44, 0x44, 0x54, 0x44, 0x42, 0x56, 0x35, 0x8B, 0xEE, 0xEE, 
  /*4890:*/ 0xEE, 0xEE, 0xBB, 0x9B, 0xBB, 0xBB, 0x8B, 0xBB, 0xBB, 0xB6, 0xBB, 0x8B, 0x9B, 0x9B, 0x9B, 0xBB, 
  /*48A0:*/ 0xB9, 0xBB, 0xBB, 0xBB, 0xB9, 0xB9, 0xBB, 0xBB, 0xBB, 0xBB, 0x9B, 0xB9, 0xBB, 0xBC, 0x9B, 0xB9, 
  /*48B0:*/ 0xBB, 0xBC, 0xBB, 0xBB, 0xBB, 0xBB, 0xCB, 0xBB, 0xBB, 0xBB, 0xBC, 0xCB, 0xBB, 0xBB, 0xBB, 0xBC, 
  /*48C0:*/ 0xBB, 0xB9, 0xBB, 0xBB, 0xBB, 0xBB, 0xBC, 0xBB, 0xBB, 0xBB, 0xBC, 0xBC, 0xBC, 0xBC, 0xBB, 0xBB, 
  /*48D0:*/ 0xBB, 0x43, 0x44, 0x33, 0x44, 0x34, 0x44, 0x44, 0x44, 0x44, 0x44, 0x44, 0x44, 0x44, 0x44, 0x44, 
  /*48E0:*/ 0x44, 0x44, 0x44, 0x44, 0x34, 0x34, 0x43, 0x44, 0x34, 0x43, 0x32, 0x21, 0x6B, 0xBB, 0xBB, 0xEF, 
  /*48F0:*/ 0xFF, 0xFF, 0xFF, 0xFF, 0xFF, 0xFF, 0xFF, 0xFB, 0x45, 0x45, 0x44, 0x45, 0x44, 0x44, 0x53, 0x44, 
  /*4900:*/ 0x44, 0x44, 0x44, 0x44, 0x44, 0x44, 0x44, 0x53, 0x44, 0x54, 0x44, 0x58, 0x46, 0x5E, 0xEE, 0xEE, 
  /*4910:*/ 0xEE, 0xBB, 0xBB, 0xBB, 0xBB, 0xBB, 0xBE, 0xBB, 0x9B, 0x9B, 0x9B, 0xB9, 0xB9, 0xB8, 0xBB, 0x9B, 
  /*4920:*/ 0xBB, 0x9B, 0xB9, 0xB9, 0xBB, 0xBB, 0xBB, 0x9B, 0xB9, 0xBB, 0xBB, 0xBB, 0xBB, 0xBB, 0xBB, 0xBB, 
  /*4930:*/ 0xBC, 0xBB, 0xBC, 0xBB, 0xBC, 0xBB, 0xBB, 0xBB, 0xCB, 0xCB, 0xCB, 0xBB, 0xBB, 0xBB, 0xBB, 0xBB, 
  /*4940:*/ 0xB9, 0xBB, 0xBB, 0xBB, 0xBB, 0xCB, 0xBB, 0xBB, 0xBB, 0xBB, 0xBB, 0xBB, 0xBB, 0xBB, 0xBB, 0xBA, 
  /*4950:*/ 0xBB, 0x53, 0x44, 0x44, 0x44, 0x44, 0x43, 0x44, 0x44, 0x44, 0x44, 0x43, 0x44, 0x44, 0x34, 0x44, 
  /*4960:*/ 0x44, 0x34, 0x44, 0x44, 0x43, 0x42, 0x44, 0x43, 0x42, 0x42, 0x43, 0x32, 0x4B, 0xBB, 0xBB, 0xEE, 
  /*4970:*/ 0xFF, 0xFF, 0xFF, 0xFF, 0xFF, 0xFF, 0xFF, 0xF8, 0x44, 0x44, 0x45, 0x34, 0x44, 0x44, 0x44, 0x44, 
  /*4980:*/ 0x45, 0x44, 0x45, 0x44, 0x45, 0x44, 0x54, 0x45, 0x44, 0x44, 0x34, 0x64, 0x68, 0x5E, 0xEE, 0xEE, 
  /*4990:*/ 0xEE, 0xEE, 0xEE, 0xEB, 0xBB, 0xBB, 0xBB, 0xBB, 0xB8, 0xBB, 0xB8, 0xBB, 0x6B, 0xBB, 0xBB, 0xB9, 
  /*49A0:*/ 0xBB, 0xBB, 0xBB, 0xBB, 0xBB, 0xBB, 0xBB, 0xBB, 0xBB, 0xBB, 0xBB, 0xBB, 0xBC, 0xBB, 0xBB, 0xCB, 
  /*49B0:*/ 0xBB, 0xB9, 0xBB, 0xBB, 0xBB, 0xBB, 0xBB, 0xBC, 0xBB, 0xBB, 0xBB, 0xBC, 0xBB, 0xBB, 0xBC, 0xBB, 
  /*49C0:*/ 0xBB, 0xBB, 0xBB, 0xCB, 0xBB, 0xBB, 0xBB, 0xBB, 0xBB, 0xBB, 0xBB, 0xCB, 0xBC, 0xBB, 0xBB, 0xBE, 
  /*49D0:*/ 0xBB, 0x82, 0x22, 0x22, 0x24, 0x22, 0x22, 0x24, 0x22, 0x32, 0x22, 0x24, 0x22, 0x22, 0x22, 0x22, 
  /*49E0:*/ 0x22, 0x22, 0x22, 0x23, 0x22, 0x22, 0x22, 0x22, 0x22, 0x24, 0x22, 0x24, 0x39, 0xBB, 0xBB, 0xBE, 
  /*49F0:*/ 0xFF, 0xFF, 0xFF, 0xFF, 0xFF, 0xFF, 0xFE, 0xE5, 0x44, 0x54, 0x44, 0x54, 0x54, 0x45, 0x45, 0x45, 
  /*4A00:*/ 0x44, 0x54, 0x53, 0x45, 0x44, 0x45, 0x34, 0x44, 0x54, 0x53, 0x45, 0x68, 0x66, 0x8B, 0xEE, 0xEE, 
  /*4A10:*/ 0xEB, 0xEE, 0xEE, 0xEE, 0xEE, 0xBB, 0xBB, 0xBB, 0xBB, 0xBB, 0xBB, 0xBB, 0xBB, 0xB9, 0xBB, 0xBB, 
  /*4A20:*/ 0xBB, 0xBB, 0xBB, 0xBB, 0xBB, 0xB9, 0xBB, 0xBB, 0xBB, 0xBB, 0xBB, 0xBB, 0xBB, 0xBB, 0xBB, 0xBB, 
  /*4A30:*/ 0xB9, 0xBB, 0xBB, 0xBB, 0xCB, 0xBB, 0xBB, 0xBE, 0xBB, 0xBB, 0xBB, 0xBB, 0xBB, 0xBB, 0xBB, 0xBB, 
  /*4A40:*/ 0xBB, 0xBB, 0xBB, 0xBB, 0xBB, 0xBB, 0xBB, 0xBB, 0xBB, 0xCB, 0xBE, 0xBE, 0xBE, 0xBB, 0xBB, 0xBB, 
  /*4A50:*/ 0xBB, 0x52, 0x20, 0x22, 0x00, 0x20, 0x22, 0x00, 0x20, 0x02, 0x02, 0x00, 0x02, 0x02, 0x02, 0x02, 
  /*4A60:*/ 0x02, 0x20, 0x12, 0x20, 0x22, 0x02, 0x20, 0x20, 0x22, 0x00, 0x20, 0x20, 0x28, 0xBB, 0xBB, 0xBE, 
  /*4A70:*/ 0xFF, 0xFF, 0xFF, 0xFF, 0xFF, 0xFF, 0x45, 0x44, 0x45, 0x35, 0x46, 0x34, 0x45, 0x44, 0x53, 0x44, 
  /*4A80:*/ 0x54, 0x44, 0x45, 0x44, 0x54, 0x44, 0x54, 0x63, 0x44, 0x44, 0x26, 0x65, 0x85, 0x6E, 0xEE, 0xEE, 
  /*4A90:*/ 0xEE, 0xEE, 0xEE, 0xEE, 0xEB, 0xBE, 0xBB, 0xBB, 0xBB, 0xBB, 0xBB, 0xBB, 0xBB, 0xBB, 0xBB, 0xBB, 
  /*4AA0:*/ 0xBB, 0xBB, 0xBB, 0xBB, 0xBB, 0xBE, 0xBB, 0xBB, 0xBB, 0xBB, 0xBB, 0xBB, 0xBB, 0xBB, 0xBB, 0xBB, 
  /*4AB0:*/ 0xEE, 0xEE, 0xEB, 0xEB, 0xEE, 0xEE, 0xEE, 0xEE, 0xEE, 0xEE, 0xEE, 0xEE, 0xBE, 0xEE, 0xBE, 0xBE, 
  /*4AC0:*/ 0xEE, 0xEE, 0xEE, 0xEE, 0x99, 0x99, 0xEA, 0x99, 0xA9, 0x9E, 0xBB, 0xCE, 0xAE, 0xEE, 0xEE, 0xEB, 
  /*4AD0:*/ 0xEE, 0x92, 0x12, 0x01, 0x22, 0x22, 0x22, 0x22, 0x22, 0x22, 0x22, 0x22, 0x22, 0x22, 0x22, 0x22, 
  /*4AE0:*/ 0x21, 0x22, 0x22, 0x22, 0x12, 0x22, 0x22, 0x22, 0x22, 0x22, 0x22, 0x20, 0x26, 0xEE, 0xEE, 0xBE, 
  /*4AF0:*/ 0xEF, 0xFF, 0xFF, 0xFF, 0xFF, 0xFF, 0x43, 0x44, 0x44, 0x44, 0x44, 0x44, 0x53, 0x53, 0x46, 0x44, 
  /*4B00:*/ 0x46, 0x45, 0x34, 0x53, 0x45, 0x45, 0x34, 0x44, 0x64, 0x62, 0x35, 0x86, 0x68, 0x4E, 0xEE, 0xEE, 
  /*4B10:*/ 0xFF, 0xFF, 0xFF, 0xEE, 0xEB, 0xBE, 0xEE, 0xEE, 0xBE, 0xEB, 0x84, 0x98, 0xEB, 0xB9, 0xBB, 0xBB, 
  /*4B20:*/ 0xBB, 0xBB, 0xBB, 0xBB, 0xBB, 0xBE, 0xBB, 0xBE, 0xBE, 0xBB, 0xEB, 0xEB, 0xBE, 0xBB, 0xBE, 0xEE, 
  /*4B30:*/ 0xEE, 0xBE, 0xEE, 0xEE, 0xEE, 0xEE, 0xEE, 0xEE, 0xEB, 0xEE, 0xEE, 0xEE, 0xEE, 0xEE, 0xEE, 0xEE, 
  /*4B40:*/ 0xEE, 0xEE, 0xEE, 0xEE, 0xE5, 0xE5, 0x9B, 0x85, 0x99, 0x8C, 0xBA, 0xBB, 0xB9, 0xEE, 0xEE, 0xEE, 
  /*4B50:*/ 0xEE, 0x92, 0x01, 0x22, 0x22, 0x02, 0x21, 0x22, 0x22, 0x22, 0x22, 0x21, 0x22, 0x22, 0x22, 0x12, 
  /*4B60:*/ 0x22, 0x12, 0x21, 0x21, 0x22, 0x22, 0x22, 0x22, 0x22, 0x22, 0x21, 0x20, 0x14, 0xEE, 0xEE, 0xBB, 
  /*4B70:*/ 0xEF, 0xFF, 0xFF, 0xFF, 0xFF, 0xFF, 0x58, 0x64, 0x34, 0x44, 0x44, 0x44, 0x33, 0x34, 0x43, 0x44, 
  /*4B80:*/ 0x43, 0x43, 0x44, 0x44, 0x43, 0x43, 0x44, 0x44, 0x34, 0x20, 0x36, 0x68, 0x56, 0x4F, 0xFF, 0xFF, 
  /*4B90:*/ 0xFF, 0xFF, 0xFF, 0xFF, 0xEB, 0xBE, 0xEE, 0xBE, 0xEB, 0xEE, 0xBB, 0x8B, 0xBE, 0xBB, 0xBB, 0xBB, 
  /*4BA0:*/ 0xBB, 0xBB, 0xBB, 0xBB, 0xBB, 0xBB, 0xBB, 0xBB, 0xBB, 0xBB, 0xB9, 0xEB, 0xBB, 0xBB, 0xBE, 0xEE, 
  /*4BB0:*/ 0xBE, 0xEE, 0xEE, 0xEE, 0xBE, 0xEE, 0xEE, 0xBE, 0xEE, 0xEE, 0xEE, 0xEE, 0xEE, 0xEE, 0xEE, 0xEE, 
  /*4BC0:*/ 0xEE, 0xEE, 0xEE, 0xEE, 0xEE, 0xEB, 0xEE, 0xBE, 0xEB, 0xBE, 0xEE, 0xEE, 0xEE, 0xEE, 0xEE, 0xEE, 
  /*4BD0:*/ 0xEE, 0x92, 0x22, 0x20, 0x21, 0x22, 0x22, 0x22, 0x22, 0x22, 0x12, 0x22, 0x22, 0x12, 0x12, 0x22, 
  /*4BE0:*/ 0x12, 0x22, 0x22, 0x22, 0x22, 0x22, 0x21, 0x21, 0x22, 0x12, 0x12, 0x10, 0x24, 0xEE, 0xEE, 0xE9, 
  /*4BF0:*/ 0xEF, 0xFF, 0xFF, 0xFF, 0xFF, 0xFF, 0xEE, 0x94, 0x22, 0x23, 0x22, 0x22, 0x32, 0x23, 0x22, 0x23, 
  /*4C00:*/ 0x22, 0x22, 0x32, 0x32, 0x22, 0x23, 0x22, 0x22, 0x20, 0x00, 0x26, 0x86, 0x85, 0x6E, 0xEF, 0xFF, 
  /*4C10:*/ 0xFF, 0xFF, 0xFF, 0xFF, 0xBB, 0xEB, 0xEE, 0xEB, 0xEE, 0xEE, 0xEB, 0xEB, 0xEE, 0xEE, 0xBE, 0xBE, 
  /*4C20:*/ 0xBE, 0xBE, 0xEE, 0xBE, 0xEE, 0xEE, 0xBE, 0xBE, 0xEE, 0xEB, 0xEE, 0xEE, 0xEE, 0xEE, 0xEE, 0xEE, 
  /*4C30:*/ 0xEE, 0xEE, 0xEE, 0xBE, 0xEE, 0xEE, 0xEE, 0xEE, 0xEE, 0xEE, 0xEE, 0xEE, 0xEE, 0xEE, 0xEE, 0xEE, 
  /*4C40:*/ 0xEE, 0xEE, 0xEE, 0xEE, 0xEB, 0xBB, 0xBB, 0xBB, 0xBB, 0xBB, 0xEE, 0xEE, 0xEE, 0xEE, 0xEE, 0xEE, 
  /*4C50:*/ 0xEE, 0xC1, 0x20, 0x22, 0x12, 0x21, 0x21, 0x21, 0x22, 0x11, 0x22, 0x12, 0x12, 0x12, 0x12, 0x12, 
  /*4C60:*/ 0x22, 0x12, 0x21, 0x21, 0x21, 0x21, 0x22, 0x12, 0x12, 0x21, 0x22, 0x02, 0x24, 0xBE, 0xEE, 0xEB, 
  /*4C70:*/ 0xEF, 0xFF, 0xFF, 0xFF, 0xFF, 0xFF, 0xEE, 0x93, 0x42, 0x32, 0x23, 0x23, 0x22, 0x22, 0x22, 0x32, 
  /*4C80:*/ 0x23, 0x22, 0x22, 0x22, 0x32, 0x22, 0x23, 0x23, 0x22, 0x00, 0x26, 0x95, 0x64, 0x9E, 0xEF, 0xFF, 
  /*4C90:*/ 0xFF, 0xFF, 0xFF, 0xFF, 0xBB, 0xEE, 0xBE, 0xB9, 0x86, 0x86, 0x86, 0x86, 0x96, 0x86, 0x98, 0x69, 
  /*4CA0:*/ 0x86, 0x98, 0x69, 0x98, 0x96, 0x98, 0x99, 0x99, 0x99, 0x99, 0x99, 0x99, 0x99, 0x99, 0x99, 0x99, 
  /*4CB0:*/ 0x9B, 0x99, 0xB9, 0xB9, 0xB9, 0x9B, 0x99, 0xB9, 0xB9, 0xB9, 0xB9, 0xB9, 0xB9, 0xBB, 0x9B, 0x9B, 
  /*4CC0:*/ 0x9B, 0x9B, 0xBB, 0xBB, 0xBB, 0xBB, 0xBB, 0xBB, 0xBB, 0xBB, 0xBB, 0xBB, 0xBB, 0xBB, 0xBE, 0xEE, 
  /*4CD0:*/ 0xEE, 0xB2, 0x21, 0x20, 0x22, 0x12, 0x20, 0x22, 0x12, 0x22, 0x22, 0x12, 0x02, 0x20, 0x22, 0x12, 
  /*4CE0:*/ 0x12, 0x22, 0x22, 0x22, 0x21, 0x22, 0x12, 0x22, 0x22, 0x12, 0x12, 0x10, 0x23, 0x9E, 0xEE, 0xE9, 
  /*4CF0:*/ 0xEF, 0xFF, 0xFF, 0xFF, 0xFF, 0xFF, 0xFF, 0xB3, 0x43, 0x22, 0x42, 0x22, 0x22, 0x32, 0x32, 0x22, 
  /*4D00:*/ 0x42, 0x24, 0x23, 0x22, 0x23, 0x23, 0x22, 0x22, 0x22, 0x00, 0x26, 0x86, 0x85, 0x9B, 0xFF, 0xFF, 
  /*4D10:*/ 0xFF, 0xFF, 0xFF, 0xFF, 0xBB, 0xEE, 0xEE, 0x43, 0x44, 0x42, 0x44, 0x44, 0x34, 0x44, 0x44, 0x44, 
  /*4D20:*/ 0x44, 0x44, 0x43, 0x44, 0x34, 0x34, 0x33, 0x33, 0x33, 0x33, 0x43, 0x43, 0x33, 0x43, 0x43, 0x44, 
  /*4D30:*/ 0x33, 0x43, 0x34, 0x34, 0x34, 0x34, 0x44, 0x34, 0x44, 0x44, 0x44, 0x44, 0x44, 0x44, 0x44, 0x43, 
  /*4D40:*/ 0x43, 0x43, 0x44, 0x44, 0x44, 0x34, 0x34, 0x34, 0x44, 0x44, 0x44, 0x44, 0x44, 0x44, 0x44, 0x5B, 
  /*4D50:*/ 0xEE, 0xB1, 0x20, 0x22, 0x12, 0x20, 0x22, 0x21, 0x22, 0x12, 0x12, 0x02, 0x21, 0x02, 0x21, 0x20, 
  /*4D60:*/ 0x22, 0x12, 0x12, 0x12, 0x12, 0x02, 0x22, 0x12, 0x10, 0x20, 0x20, 0x20, 0x13, 0x6E, 0xFF, 0xFB, 
  /*4D70:*/ 0xBF, 0xFF, 0xFF, 0xFF, 0xFF, 0xFF, 0xFF, 0xB4, 0x32, 0x42, 0x24, 0x24, 0x23, 0x22, 0x24, 0x22, 
  /*4D80:*/ 0x24, 0x22, 0x42, 0x24, 0x22, 0x22, 0x24, 0x24, 0x22, 0x00, 0x16, 0x59, 0x46, 0x9E, 0xFF, 0xFF, 
  /*4D90:*/ 0xFF, 0xFF, 0xFF, 0xFE, 0xAE, 0xEE, 0xBB, 0x34, 0x45, 0x44, 0x54, 0x54, 0x45, 0x45, 0x45, 0x45, 
  /*4DA0:*/ 0x45, 0x45, 0x45, 0x45, 0x45, 0x45, 0x45, 0x45, 0x45, 0x45, 0x45, 0x45, 0x45, 0x44, 0x54, 0x54, 
  /*4DB0:*/ 0x54, 0x54, 0x54, 0x54, 0x54, 0x54, 0x54, 0x54, 0x45, 0x45, 0x45, 0x45, 0x44, 0x54, 0x54, 0x45, 
  /*4DC0:*/ 0x45, 0x45, 0x44, 0x54, 0x44, 0x54, 0x45, 0x44, 0x44, 0x45, 0x44, 0x54, 0x44, 0x45, 0x44, 0x39, 
  /*4DD0:*/ 0xEE, 0xB4, 0x21, 0x20, 0x20, 0x12, 0x21, 0x22, 0x12, 0x21, 0x22, 0x21, 0x20, 0x22, 0x10, 0x22, 
  /*4DE0:*/ 0x20, 0x22, 0x20, 0x22, 0x02, 0x22, 0x12, 0x02, 0x22, 0x22, 0x20, 0x20, 0x22, 0x8E, 0xEF, 0xEB, 
  /*4DF0:*/ 0xBF, 0xFF, 0xFF, 0xFF, 0xFF, 0xFF, 0xFF, 0x94, 0x44, 0x24, 0x22, 0x42, 0x22, 0x42, 0x22, 0x32, 
  /*4E00:*/ 0x42, 0x23, 0x22, 0x42, 0x24, 0x24, 0x22, 0x42, 0x20, 0x01, 0x09, 0x68, 0x49, 0x6E, 0xFF, 0xFF, 
  /*4E10:*/ 0xFF, 0xFF, 0xFF, 0xFE, 0xBB, 0xEE, 0xB9, 0x34, 0x44, 0x54, 0x54, 0x45, 0x45, 0x44, 0x45, 0x34, 
  /*4E20:*/ 0x54, 0x45, 0x44, 0x53, 0x54, 0x45, 0x45, 0x45, 0x45, 0x45, 0x46, 0x44, 0x53, 0x54, 0x54, 0x46, 
  /*4E30:*/ 0x45, 0x45, 0x45, 0x45, 0x45, 0x45, 0x45, 0x45, 0x45, 0x44, 0x54, 0x45, 0x45, 0x45, 0x45, 0x45, 
  /*4E40:*/ 0x45, 0x44, 0x54, 0x54, 0x54, 0x54, 0x54, 0x54, 0x55, 0x44, 0x54, 0x45, 0x45, 0x44, 0x54, 0x48, 
  /*4E50:*/ 0xEF, 0xE3, 0x02, 0x21, 0x22, 0x21, 0x20, 0x21, 0x20, 0x22, 0x02, 0x12, 0x22, 0x21, 0x02, 0x21, 
  /*4E60:*/ 0x22, 0x12, 0x02, 0x21, 0x22, 0x10, 0x21, 0x20, 0x20, 0x10, 0x12, 0x01, 0x02, 0x5E, 0xEF, 0xFE, 
  /*4E70:*/ 0x9F, 0xFF, 0xFF, 0xFF, 0xFF, 0xFF, 0xFF, 0xB4, 0x42, 0x42, 0x42, 0x22, 0x41, 0x24, 0x12, 0x22, 
  /*4E80:*/ 0x22, 0x22, 0x22, 0x22, 0x23, 0x22, 0x42, 0x24, 0x21, 0x00, 0x25, 0x85, 0x56, 0x9E, 0xFF, 0xFF, 
  /*4E90:*/ 0xFF, 0xFF, 0xFF, 0xFB, 0xBE, 0xEE, 0xE8, 0x44, 0x54, 0x44, 0x64, 0x44, 0x54, 0x44, 0x69, 0x63, 
  /*4EA0:*/ 0x45, 0x46, 0x34, 0xB6, 0x34, 0x54, 0x63, 0x36, 0x63, 0x44, 0x53, 0x53, 0x66, 0x83, 0x46, 0x44, 
  /*4EB0:*/ 0x44, 0x64, 0x44, 0x54, 0x63, 0x48, 0x63, 0x44, 0x64, 0x54, 0x46, 0x44, 0x54, 0x64, 0x44, 0x64, 
  /*4EC0:*/ 0x44, 0x55, 0x45, 0x44, 0x64, 0x45, 0x48, 0x45, 0x48, 0x44, 0x54, 0x84, 0x54, 0x54, 0x54, 0x46, 
  /*4ED0:*/ 0xEE, 0xE4, 0x22, 0x12, 0x22, 0x22, 0x22, 0x22, 0x22, 0x22, 0x22, 0x22, 0x22, 0x22, 0x23, 0x22, 
  /*4EE0:*/ 0x22, 0x22, 0x32, 0x22, 0x22, 0x22, 0x22, 0x23, 0x22, 0x23, 0x22, 0x20, 0x21, 0x3E, 0xEF, 0xFE, 
  /*4EF0:*/ 0xBE, 0xFF, 0xFF, 0xFF, 0xFF, 0xFF, 0xFF, 0xB4, 0x43, 0x22, 0x24, 0x24, 0x24, 0x22, 0x42, 0x42, 
  /*4F00:*/ 0x42, 0x42, 0x42, 0x41, 0x42, 0x24, 0x24, 0x22, 0x22, 0x00, 0x16, 0x54, 0x86, 0x9E, 0xEF, 0xFF, 
  /*4F10:*/ 0xFF, 0xFF, 0xFF, 0xFB, 0xBE, 0xBE, 0xB4, 0x42, 0x44, 0x45, 0x44, 0x44, 0x23, 0x44, 0x58, 0x34, 
  /*4F20:*/ 0x33, 0x33, 0x44, 0x64, 0x43, 0x34, 0x34, 0x46, 0x84, 0x44, 0x44, 0x44, 0x58, 0x44, 0x44, 0x45, 
  /*4F30:*/ 0x44, 0x68, 0x44, 0x44, 0x44, 0x45, 0x94, 0x44, 0x44, 0x44, 0x58, 0x53, 0x44, 0x44, 0x54, 0x65, 
  /*4F40:*/ 0x44, 0x45, 0x44, 0x44, 0x84, 0x44, 0x54, 0x44, 0x46, 0x54, 0x44, 0x45, 0x34, 0x45, 0x34, 0x49, 
  /*4F50:*/ 0xEE, 0xE4, 0x22, 0x22, 0x22, 0x32, 0x22, 0x32, 0x23, 0x23, 0x22, 0x32, 0x22, 0x32, 0x22, 0x22, 
  /*4F60:*/ 0x23, 0x22, 0x22, 0x23, 0x22, 0x32, 0x32, 0x22, 0x32, 0x32, 0x22, 0x22, 0x02, 0x3E, 0xEF, 0xFE, 
  /*4F70:*/ 0x9E, 0xFF, 0xFF, 0xFF, 0xFF, 0xFF, 0xFF, 0xB4, 0x44, 0x24, 0x24, 0x21, 0x42, 0x22, 0x22, 0x22, 
  /*4F80:*/ 0x42, 0x24, 0x12, 0x42, 0x22, 0x42, 0x22, 0x42, 0x30, 0x10, 0x05, 0x85, 0x66, 0x8E, 0xEF, 0xFF, 
  /*4F90:*/ 0xFF, 0xFF, 0xFF, 0xFA, 0xEE, 0xEE, 0xE4, 0x32, 0x22, 0x23, 0x13, 0x22, 0x22, 0x22, 0x32, 0x22, 
  /*4FA0:*/ 0x22, 0x22, 0x24, 0x33, 0x22, 0x22, 0x22, 0x22, 0x22, 0x22, 0x22, 0x32, 0x34, 0x24, 0x22, 0x02, 
  /*4FB0:*/ 0x34, 0x44, 0x42, 0x32, 0x23, 0x43, 0x44, 0x42, 0x22, 0x34, 0x45, 0x34, 0x42, 0x22, 0x34, 0x58, 
  /*4FC0:*/ 0x44, 0x21, 0x23, 0x45, 0x65, 0x42, 0x10, 0x24, 0x46, 0x54, 0x42, 0x02, 0x12, 0x21, 0x11, 0x26, 
  /*4FD0:*/ 0xEE, 0xE4, 0x22, 0x24, 0x22, 0x22, 0x22, 0x22, 0x22, 0x22, 0x22, 0x22, 0x32, 0x22, 0x23, 0x22, 
  /*4FE0:*/ 0x42, 0x22, 0x32, 0x42, 0x22, 0x22, 0x24, 0x24, 0x22, 0x22, 0x41, 0x21, 0x01, 0x39, 0xEF, 0xFF, 
  /*4FF0:*/ 0xBE, 0xEF, 0xFF, 0xFF, 0xFF, 0xFF, 0xFF, 0xB4, 0x42, 0x42, 0x42, 0x42, 0x22, 0x42, 0x42, 0x41, 
  /*5000:*/ 0x24, 0x22, 0x42, 0x22, 0x42, 0x24, 0x24, 0x22, 0x21, 0x00, 0x16, 0x48, 0x66, 0x9E, 0xEF, 0xFF, 
  /*5010:*/ 0xFF, 0xFF, 0xFF, 0xEB, 0xBE, 0xEE, 0xB3, 0x44, 0x22, 0x21, 0x20, 0x21, 0x21, 0x22, 0x22, 0x22, 
  /*5020:*/ 0x02, 0x22, 0x21, 0x20, 0x12, 0x02, 0x22, 0x22, 0x22, 0x22, 0x22, 0x22, 0x22, 0x22, 0x02, 0x22, 
  /*5030:*/ 0x22, 0x22, 0x22, 0x02, 0x22, 0x22, 0x02, 0x20, 0x22, 0x22, 0x20, 0x22, 0x22, 0x22, 0x20, 0x00, 
  /*5040:*/ 0x02, 0x23, 0x22, 0x22, 0x12, 0x21, 0x22, 0x22, 0x21, 0x11, 0x22, 0x34, 0x44, 0x43, 0x44, 0x28, 
  /*5050:*/ 0xEE, 0xF5, 0x12, 0x22, 0x22, 0x22, 0x42, 0x24, 0x21, 0x23, 0x22, 0x32, 0x22, 0x21, 0x22, 0x23, 
  /*5060:*/ 0x22, 0x23, 0x22, 0x22, 0x32, 0x42, 0x22, 0x22, 0x24, 0x22, 0x22, 0x22, 0x02, 0x36, 0xEF, 0xFE, 
  /*5070:*/ 0xCB, 0xEF, 0xFF, 0xFF, 0xFF, 0xFF, 0xFF, 0xB4, 0x44, 0x24, 0x22, 0x42, 0x42, 0x24, 0x22, 0x24, 
  /*5080:*/ 0x22, 0x42, 0x22, 0x42, 0x24, 0x22, 0x42, 0x24, 0x22, 0x20, 0x05, 0x56, 0x85, 0xBE, 0xEF, 0xFF, 
  /*5090:*/ 0xFF, 0xFF, 0xFF, 0xBB, 0xEE, 0xBE, 0x93, 0x24, 0x22, 0x21, 0x22, 0x32, 0x23, 0x22, 0x10, 0x22, 
  /*50A0:*/ 0x32, 0x32, 0x10, 0x20, 0x22, 0x22, 0x32, 0x10, 0x21, 0x22, 0x22, 0x21, 0x00, 0x22, 0x22, 0x22, 
  /*50B0:*/ 0x20, 0x02, 0x02, 0x22, 0x22, 0x02, 0x00, 0x22, 0x02, 0x20, 0x21, 0x01, 0x01, 0x02, 0x12, 0x12, 
  /*50C0:*/ 0x02, 0x00, 0x02, 0x10, 0x20, 0x22, 0x00, 0x22, 0x00, 0x10, 0x22, 0x24, 0x44, 0x44, 0x44, 0x45, 
  /*50D0:*/ 0xEE, 0xE4, 0x42, 0x42, 0x42, 0x42, 0x24, 0x23, 0x24, 0x22, 0x42, 0x22, 0x24, 0x24, 0x24, 0x22, 
  /*50E0:*/ 0x24, 0x22, 0x24, 0x22, 0x24, 0x22, 0x42, 0x42, 0x42, 0x42, 0x42, 0x22, 0x00, 0x38, 0xEE, 0xFF, 
  /*50F0:*/ 0xBB, 0xEF, 0xFF, 0xFF, 0xFF, 0xFF, 0xFF, 0xE4, 0x44, 0x14, 0x24, 0x22, 0x42, 0x42, 0x42, 0x42, 
  /*5100:*/ 0x24, 0x12, 0x41, 0x42, 0x41, 0x42, 0x24, 0x22, 0x41, 0x00, 0x04, 0x85, 0x68, 0xCE, 0xFF, 0xFF, 
  /*5110:*/ 0xFF, 0xFF, 0xFF, 0xBB, 0xEB, 0xEE, 0x82, 0x42, 0x21, 0x10, 0x24, 0x58, 0x64, 0x42, 0x02, 0x35, 
  /*5120:*/ 0x48, 0x54, 0x22, 0x02, 0x45, 0x85, 0x43, 0x02, 0x04, 0x46, 0x54, 0x42, 0x22, 0x24, 0x56, 0x64, 
  /*5130:*/ 0x32, 0x02, 0x44, 0x54, 0x44, 0x20, 0x22, 0x44, 0x54, 0x43, 0x00, 0x23, 0x44, 0x44, 0x40, 0x00, 
  /*5140:*/ 0x24, 0x44, 0x44, 0x20, 0x02, 0x34, 0x44, 0x44, 0x01, 0x02, 0x44, 0x44, 0x45, 0x44, 0x44, 0x26, 
  /*5150:*/ 0xEE, 0xF5, 0x32, 0x44, 0x24, 0x44, 0x44, 0x42, 0x44, 0x44, 0x24, 0x44, 0x24, 0x24, 0x24, 0x24, 
  /*5160:*/ 0x22, 0x44, 0x24, 0x24, 0x22, 0x42, 0x42, 0x42, 0x42, 0x42, 0x42, 0x22, 0x22, 0x25, 0xEF, 0xFF, 
  /*5170:*/ 0xE9, 0xFF, 0xFF, 0xFF, 0xFF, 0xFF, 0xFF, 0xB4, 0x44, 0x24, 0x22, 0x42, 0x42, 0x24, 0x12, 0x24, 
  /*5180:*/ 0x22, 0x42, 0x24, 0x22, 0x22, 0x24, 0x22, 0x42, 0x22, 0x01, 0x04, 0x68, 0x56, 0xEE, 0xFF, 0xFF, 
  /*5190:*/ 0xFF, 0xFF, 0xFF, 0xAB, 0xEE, 0xEB, 0x44, 0x42, 0x12, 0x02, 0x34, 0x54, 0x64, 0x30, 0x01, 0x45, 
  /*51A0:*/ 0x65, 0x44, 0x20, 0x12, 0x45, 0x65, 0x34, 0x00, 0x14, 0x46, 0x85, 0x42, 0x00, 0x24, 0x46, 0x44, 
  /*51B0:*/ 0x40, 0x00, 0x44, 0x68, 0x54, 0x20, 0x02, 0x56, 0x59, 0x44, 0x00, 0x24, 0x55, 0x64, 0x50, 0x02, 
  /*51C0:*/ 0x24, 0x66, 0x94, 0x40, 0x02, 0x44, 0xA6, 0x54, 0x20, 0x22, 0x44, 0x65, 0x44, 0x45, 0x44, 0x45, 
  /*51D0:*/ 0xEE, 0xE6, 0x14, 0x24, 0x44, 0x24, 0x24, 0x44, 0x42, 0x42, 0x42, 0x42, 0x44, 0x42, 0x42, 0x42, 
  /*51E0:*/ 0x44, 0x24, 0x24, 0x24, 0x24, 0x24, 0x24, 0x42, 0x44, 0x24, 0x24, 0x22, 0x21, 0x24, 0xEE, 0xFF, 
  /*51F0:*/ 0xF9, 0xFF, 0xFF, 0xFF, 0xFF, 0xFF, 0xFF, 0xB4, 0x44, 0x24, 0x24, 0x24, 0x14, 0x24, 0x24, 0x24, 
  /*5200:*/ 0x24, 0x14, 0x22, 0x42, 0x44, 0x22, 0x42, 0x42, 0x41, 0x00, 0x24, 0x65, 0x89, 0xBF, 0xFF, 0xFF, 
  /*5210:*/ 0xFF, 0xFF, 0xFF, 0xBB, 0xEE, 0xEE, 0x43, 0x40, 0x20, 0x00, 0x22, 0x12, 0x11, 0x20, 0x02, 0x21, 
  /*5220:*/ 0x11, 0x32, 0x00, 0x02, 0x21, 0x12, 0x22, 0x00, 0x22, 0x21, 0x22, 0x10, 0x10, 0x22, 0x21, 0x12, 
  /*5230:*/ 0x20, 0x02, 0x22, 0x22, 0x23, 0x00, 0x22, 0x23, 0x23, 0x22, 0x00, 0x02, 0x22, 0x42, 0x20, 0x00, 
  /*5240:*/ 0x24, 0x44, 0x44, 0x20, 0x00, 0x42, 0x44, 0x42, 0x20, 0x02, 0x44, 0x54, 0x42, 0x44, 0x44, 0x26, 
  /*5250:*/ 0xEE, 0xE5, 0x34, 0x42, 0x44, 0x44, 0x44, 0x42, 0x44, 0x44, 0x44, 0x24, 0x42, 0x42, 0x44, 0x24, 
  /*5260:*/ 0x24, 0x24, 0x24, 0x24, 0x24, 0x24, 0x42, 0x44, 0x24, 0x42, 0x42, 0x42, 0x30, 0x24, 0xEE, 0xFF, 
  /*5270:*/ 0xFB, 0xEF, 0xFF, 0xFF, 0xFF, 0xFF, 0xFF, 0xB4, 0x31, 0x22, 0x12, 0x12, 0x22, 0x12, 0x22, 0x12, 
  /*5280:*/ 0x12, 0x22, 0x12, 0x12, 0x22, 0x11, 0x21, 0x21, 0x20, 0x20, 0x25, 0x85, 0x5B, 0xEF, 0xFF, 0xFF, 
  /*5290:*/ 0xFF, 0xFF, 0xFE, 0x9E, 0xEE, 0xEB, 0x34, 0x44, 0x42, 0x42, 0x22, 0x21, 0x02, 0x20, 0x02, 0x24, 
  /*52A0:*/ 0x54, 0x42, 0x01, 0x01, 0x22, 0x42, 0x01, 0x00, 0x02, 0x25, 0x31, 0x20, 0x00, 0x22, 0x15, 0x30, 
  /*52B0:*/ 0x10, 0x02, 0x22, 0x12, 0x02, 0x20, 0x02, 0x23, 0x22, 0x22, 0x02, 0x22, 0x24, 0x42, 0x22, 0x00, 
  /*52C0:*/ 0x22, 0x04, 0x02, 0x02, 0x02, 0x22, 0x44, 0x02, 0x00, 0x02, 0x20, 0x02, 0x22, 0x24, 0x45, 0x24, 
  /*52D0:*/ 0xEE, 0xE8, 0x24, 0x24, 0x42, 0x44, 0x25, 0x25, 0x24, 0x24, 0x24, 0x42, 0x42, 0x44, 0x24, 0x42, 
  /*52E0:*/ 0x42, 0x42, 0x42, 0x42, 0x42, 0x42, 0x44, 0x24, 0x42, 0x44, 0x24, 0x22, 0x22, 0x13, 0xBE, 0xFF, 
  /*52F0:*/ 0xEC, 0xBE, 0xFF, 0xFF, 0xFF, 0xFF, 0xFF, 0xE4, 0x44, 0x42, 0x44, 0x24, 0x42, 0x44, 0x42, 0x44, 
  /*5300:*/ 0x24, 0x24, 0x42, 0x42, 0x42, 0x42, 0x42, 0x42, 0x42, 0x20, 0x15, 0x58, 0x6B, 0xEF, 0xFF, 0xFF, 
  /*5310:*/ 0xFF, 0xFF, 0xFB, 0xBE, 0xEE, 0xBB, 0x33, 0x44, 0x44, 0x22, 0x22, 0x13, 0x23, 0x23, 0x02, 0x21, 
  /*5320:*/ 0x33, 0x23, 0x22, 0x12, 0x03, 0x53, 0x22, 0x22, 0x21, 0x24, 0x22, 0x32, 0x21, 0x21, 0x23, 0x42, 
  /*5330:*/ 0x22, 0x21, 0x20, 0x22, 0x22, 0x20, 0x02, 0x25, 0x45, 0x32, 0x20, 0x02, 0x22, 0x50, 0x10, 0x00, 
  /*5340:*/ 0x21, 0x04, 0x22, 0x20, 0x00, 0x20, 0x44, 0x22, 0x20, 0x01, 0x02, 0x00, 0x02, 0x02, 0x44, 0x45, 
  /*5350:*/ 0xEE, 0xE6, 0x44, 0x44, 0x44, 0x44, 0x42, 0x44, 0x44, 0x42, 0x52, 0x44, 0x25, 0x24, 0x24, 0x24, 
  /*5360:*/ 0x24, 0x42, 0x42, 0x44, 0x24, 0x42, 0x42, 0x42, 0x44, 0x24, 0x42, 0x42, 0x22, 0x24, 0x9E, 0xEF, 
  /*5370:*/ 0xFB, 0xBE, 0xFF, 0xFF, 0xFF, 0xFF, 0xFF, 0xE4, 0x44, 0x24, 0x24, 0x42, 0x44, 0x24, 0x24, 0x24, 
  /*5380:*/ 0x42, 0x42, 0x42, 0x44, 0x24, 0x24, 0x24, 0x24, 0x22, 0x12, 0x25, 0x85, 0x6E, 0xEF, 0xFF, 0xFF, 
  /*5390:*/ 0xFF, 0xFF, 0xFB, 0xBE, 0xBE, 0xE8, 0x24, 0x44, 0x44, 0x42, 0x21, 0x44, 0x56, 0x44, 0x40, 0x12, 
  /*53A0:*/ 0x44, 0x96, 0x44, 0x02, 0x03, 0x46, 0x85, 0x32, 0x02, 0x14, 0x46, 0x54, 0x42, 0x02, 0x24, 0x56, 
  /*53B0:*/ 0x84, 0x40, 0x20, 0x44, 0x54, 0x54, 0x22, 0x12, 0x44, 0x45, 0x44, 0x20, 0x04, 0x44, 0x45, 0x42, 
  /*53C0:*/ 0x20, 0x24, 0x44, 0x44, 0x42, 0x02, 0x24, 0x46, 0x44, 0x22, 0x02, 0x34, 0x44, 0x44, 0x44, 0x44, 
  /*53D0:*/ 0xEE, 0xF9, 0x24, 0x24, 0x42, 0x52, 0x52, 0x52, 0x42, 0x52, 0x42, 0x42, 0x42, 0x42, 0x42, 0x42, 
  /*53E0:*/ 0x52, 0x42, 0x44, 0x24, 0x24, 0x24, 0x42, 0x44, 0x24, 0x42, 0x44, 0x24, 0x22, 0x23, 0x6E, 0xEF, 
  /*53F0:*/ 0xFE, 0x9F, 0xFF, 0xFF, 0xFF, 0xFF, 0xFF, 0xE8, 0x24, 0x42, 0x42, 0x42, 0x42, 0x42, 0x44, 0x24, 
  /*5400:*/ 0x24, 0x42, 0x44, 0x24, 0x24, 0x24, 0x24, 0x22, 0x42, 0x20, 0x15, 0x65, 0xBE, 0xEF, 0xFF, 0xFF, 
  /*5410:*/ 0xFF, 0xFF, 0xF9, 0xEE, 0xEE, 0xB5, 0x34, 0x45, 0x44, 0x42, 0x02, 0x44, 0x45, 0x44, 0x10, 0x02, 
  /*5420:*/ 0x44, 0x56, 0x32, 0x20, 0x04, 0x45, 0x45, 0x42, 0x01, 0x24, 0x46, 0x44, 0x42, 0x00, 0x34, 0x64, 
  /*5430:*/ 0x64, 0x20, 0x02, 0x44, 0x68, 0x54, 0x20, 0x02, 0x45, 0x68, 0x44, 0x00, 0x04, 0x49, 0x65, 0x32, 
  /*5440:*/ 0x01, 0x04, 0x56, 0x54, 0x40, 0x20, 0x44, 0x45, 0x44, 0x22, 0x00, 0x56, 0x56, 0x65, 0x45, 0x24, 
  /*5450:*/ 0xFF, 0xE6, 0x44, 0x44, 0x42, 0x52, 0x44, 0x24, 0x44, 0x24, 0x44, 0x25, 0x24, 0x24, 0x44, 0x24, 
  /*5460:*/ 0x22, 0x44, 0x24, 0x24, 0x24, 0x42, 0x44, 0x24, 0x42, 0x44, 0x24, 0x24, 0x24, 0x02, 0x4F, 0xFF, 
  /*5470:*/ 0xFF, 0x9F, 0xFF, 0xFF, 0xFF, 0xFF, 0xFF, 0xE5, 0x44, 0x24, 0x24, 0x24, 0x24, 0x42, 0x42, 0x44, 
  /*5480:*/ 0x24, 0x24, 0x24, 0x24, 0x42, 0x42, 0x42, 0x42, 0x42, 0x21, 0x25, 0x86, 0xBE, 0xFF, 0xFF, 0xFF, 
  /*5490:*/ 0xFF, 0xFF, 0xEB, 0xBE, 0xEE, 0xE4, 0x44, 0x44, 0x44, 0x22, 0x02, 0x22, 0x21, 0x12, 0x20, 0x02, 
  /*54A0:*/ 0x22, 0x21, 0x12, 0x00, 0x02, 0x22, 0x12, 0x20, 0x10, 0x02, 0x21, 0x22, 0x20, 0x00, 0x22, 0x11, 
  /*54B0:*/ 0x12, 0x20, 0x00, 0x22, 0x22, 0x12, 0x20, 0x01, 0x21, 0x22, 0x22, 0x00, 0x02, 0x42, 0x32, 0x40, 
  /*54C0:*/ 0x00, 0x24, 0x23, 0x42, 0x40, 0x00, 0x22, 0x44, 0x44, 0x20, 0x01, 0x31, 0x31, 0x44, 0x24, 0x44, 
  /*54D0:*/ 0xFF, 0xF9, 0x24, 0x42, 0x52, 0x44, 0x44, 0x44, 0x52, 0x52, 0x42, 0x52, 0x42, 0x52, 0x24, 0x42, 
  /*54E0:*/ 0x52, 0x42, 0x42, 0x44, 0x24, 0x24, 0x24, 0x24, 0x25, 0x24, 0x44, 0x24, 0x22, 0x22, 0x5E, 0xEF, 
  /*54F0:*/ 0xFF, 0xBE, 0xFF, 0xFF, 0xFF, 0xFF, 0xFF, 0xF6, 0x34, 0x24, 0x42, 0x44, 0x24, 0x24, 0x24, 0x24, 
  /*5500:*/ 0x24, 0x24, 0x24, 0x24, 0x24, 0x24, 0x24, 0x24, 0x22, 0x22, 0x15, 0x59, 0xEE, 0xFF, 0xFF, 0xFF, 
  /*5510:*/ 0xFF, 0xFF, 0xBB, 0xBE, 0xEB, 0xE3, 0x44, 0x44, 0x45, 0x44, 0x42, 0x22, 0x34, 0x21, 0x02, 0x02, 
  /*5520:*/ 0x24, 0x53, 0x22, 0x00, 0x21, 0x24, 0x44, 0x21, 0x00, 0x22, 0x24, 0x30, 0x21, 0x00, 0x21, 0x24, 
  /*5530:*/ 0x20, 0x10, 0x01, 0x22, 0x10, 0x22, 0x00, 0x01, 0x22, 0x00, 0x22, 0x00, 0x22, 0x02, 0x02, 0x02, 
  /*5540:*/ 0x00, 0x22, 0x00, 0x02, 0x20, 0x00, 0x22, 0x02, 0x02, 0x00, 0x00, 0x22, 0x13, 0x02, 0x22, 0x44, 
  /*5550:*/ 0xEF, 0xF9, 0x42, 0x44, 0x25, 0x25, 0x25, 0x24, 0x24, 0x24, 0x42, 0x42, 0x42, 0x24, 0x24, 0x22, 
  /*5560:*/ 0x24, 0x24, 0x24, 0x24, 0x24, 0x24, 0x25, 0x24, 0x42, 0x42, 0x42, 0x52, 0x42, 0x21, 0x4E, 0xEF, 
  /*5570:*/ 0xFF, 0x9E, 0xEF, 0xFF, 0xFF, 0xFF, 0xFF, 0xE8, 0x24, 0x42, 0x42, 0x42, 0x42, 0x42, 0x44, 0x24, 
  /*5580:*/ 0x42, 0x44, 0x24, 0x24, 0x24, 0x24, 0x24, 0x22, 0x42, 0x22, 0x25, 0x8B, 0xEE, 0xFF, 0xFF, 0xFF, 
  /*5590:*/ 0xFF, 0xFF, 0xBB, 0xEE, 0xEE, 0xB3, 0x44, 0x45, 0x44, 0x44, 0x44, 0x20, 0x22, 0x22, 0x32, 0x23, 
  /*55A0:*/ 0x24, 0x44, 0x23, 0x23, 0x24, 0x24, 0x54, 0x23, 0x22, 0x21, 0x14, 0x21, 0x22, 0x22, 0x30, 0x24, 
  /*55B0:*/ 0x22, 0x22, 0x22, 0x21, 0x02, 0x01, 0x21, 0x22, 0x20, 0x10, 0x02, 0x10, 0x22, 0x20, 0x20, 0x22, 
  /*55C0:*/ 0x10, 0x21, 0x02, 0x02, 0x02, 0x00, 0x22, 0x00, 0x00, 0x20, 0x02, 0x01, 0x88, 0x01, 0x20, 0x44, 
  /*55D0:*/ 0xBF, 0xFC, 0x24, 0x44, 0x44, 0x42, 0x44, 0x44, 0x52, 0x52, 0x52, 0x42, 0x44, 0x42, 0x52, 0x44, 
  /*55E0:*/ 0x42, 0x42, 0x42, 0x52, 0x42, 0x52, 0x42, 0x42, 0x44, 0x25, 0x24, 0x24, 0x22, 0x42, 0x4B, 0xEF, 
  /*55F0:*/ 0xFF, 0xBB, 0xFF, 0xFF, 0xFF, 0xFF, 0xFF, 0xE6, 0x44, 0x24, 0x24, 0x24, 0x42, 0x44, 0x24, 0x42, 
  /*5600:*/ 0x42, 0x42, 0x42, 0x44, 0x24, 0x24, 0x22, 0x44, 0x22, 0x22, 0x45, 0x6E, 0xEE, 0xFF, 0xFF, 0xFF, 
  /*5610:*/ 0xFF, 0xFF, 0x9E, 0xBE, 0xEB, 0x84, 0x44, 0x44, 0x45, 0x65, 0x56, 0x40, 0x44, 0x44, 0x59, 0x54, 
  /*5620:*/ 0x22, 0x22, 0x44, 0x68, 0x44, 0x02, 0x12, 0x45, 0x65, 0x34, 0x04, 0x24, 0x46, 0x45, 0x43, 0x04, 
  /*5630:*/ 0x24, 0x46, 0x84, 0x42, 0x00, 0x24, 0x64, 0x44, 0x40, 0x00, 0x44, 0x54, 0x54, 0x20, 0x00, 0x44, 
  /*5640:*/ 0x68, 0x44, 0x20, 0x02, 0x44, 0x94, 0x44, 0x00, 0x22, 0x44, 0x44, 0x43, 0x33, 0x34, 0x20, 0x44, 
  /*5650:*/ 0xBF, 0xF9, 0x44, 0x42, 0x52, 0x45, 0x24, 0x42, 0x44, 0x24, 0x24, 0x44, 0x24, 0x24, 0x22, 0x42, 
  /*5660:*/ 0x42, 0x42, 0x52, 0x22, 0x42, 0x24, 0x24, 0x44, 0x25, 0x22, 0x44, 0x24, 0x42, 0x22, 0x49, 0xEE, 
  /*5670:*/ 0xFF, 0xEB, 0xEF, 0xFF, 0xFF, 0xFF, 0xFF, 0xF9, 0x34, 0x42, 0x42, 0x42, 0x44, 0x24, 0x24, 0x24, 
  /*5680:*/ 0x24, 0x24, 0x24, 0x24, 0x24, 0x22, 0x42, 0x42, 0x42, 0x22, 0x45, 0x9E, 0xEF, 0xFF, 0xFF, 0xFF, 
  /*5690:*/ 0xFF, 0xFF, 0xBB, 0xEE, 0xEE, 0x82, 0x44, 0x54, 0x44, 0x44, 0x44, 0x31, 0x02, 0x44, 0x64, 0x44, 
  /*56A0:*/ 0x21, 0x02, 0x44, 0x55, 0x44, 0x00, 0x04, 0x46, 0x48, 0x44, 0x00, 0x04, 0x45, 0x84, 0x42, 0x20, 
  /*56B0:*/ 0x24, 0x56, 0x64, 0x40, 0x20, 0x24, 0x66, 0x94, 0x40, 0x02, 0x45, 0x86, 0x84, 0x30, 0x21, 0x44, 
  /*56C0:*/ 0x45, 0x44, 0x20, 0x22, 0x44, 0x64, 0x44, 0x20, 0x04, 0x45, 0x56, 0x58, 0x53, 0x44, 0x22, 0x42, 
  /*56D0:*/ 0xEE, 0xFB, 0x42, 0x44, 0x25, 0x24, 0x44, 0x52, 0x52, 0x52, 0x44, 0x25, 0x24, 0x25, 0x24, 0x42, 
  /*56E0:*/ 0x42, 0x42, 0x24, 0x44, 0x25, 0x24, 0x42, 0x42, 0x52, 0x44, 0x44, 0x42, 0x42, 0x42, 0x28, 0xEF, 
  /*56F0:*/ 0xFF, 0xE9, 0xFF, 0xFF, 0xFF, 0xFF, 0xFF, 0xF9, 0x34, 0x24, 0x24, 0x42, 0x42, 0x42, 0x42, 0x42, 
  /*5700:*/ 0x42, 0x44, 0x24, 0x24, 0x42, 0x44, 0x24, 0x22, 0x42, 0x41, 0x26, 0xBE, 0xEF, 0xFF, 0xFF, 0xFF, 
  /*5710:*/ 0xFF, 0xFE, 0x9E, 0xEE, 0xEE, 0x44, 0x44, 0x44, 0x22, 0x22, 0x21, 0x20, 0x00, 0x22, 0x13, 0x23, 
  /*5720:*/ 0x02, 0x02, 0x22, 0x12, 0x22, 0x02, 0x02, 0x21, 0x22, 0x22, 0x00, 0x22, 0x22, 0x22, 0x30, 0x20, 
  /*5730:*/ 0x22, 0x11, 0x12, 0x22, 0x00, 0x23, 0x11, 0x22, 0x22, 0x00, 0x23, 0x22, 0x32, 0x20, 0x00, 0x42, 
  /*5740:*/ 0x44, 0x22, 0x20, 0x02, 0x42, 0x44, 0x42, 0x00, 0x22, 0x44, 0x44, 0x44, 0x44, 0x44, 0x40, 0x44, 
  /*5750:*/ 0xBE, 0xFB, 0x24, 0x44, 0x42, 0x44, 0x42, 0x44, 0x24, 0x24, 0x44, 0x24, 0x25, 0x22, 0x42, 0x42, 
  /*5760:*/ 0x52, 0x42, 0x42, 0x24, 0x24, 0x24, 0x25, 0x24, 0x24, 0x42, 0x42, 0x52, 0x44, 0x22, 0x25, 0xFF, 
  /*5770:*/ 0xFF, 0xEC, 0xEF, 0xFF, 0xFF, 0xFF, 0xFF, 0xEB, 0x44, 0x24, 0x24, 0x24, 0x24, 0x24, 0x24, 0x24, 
  /*5780:*/ 0x24, 0x24, 0x42, 0x42, 0x42, 0x42, 0x42, 0x42, 0x22, 0x24, 0x49, 0xEF, 0xFF, 0xFF, 0xFF, 0xFF, 
  /*5790:*/ 0xFF, 0xFB, 0xBE, 0xEE, 0xEB, 0x44, 0x45, 0x42, 0x22, 0x21, 0x20, 0x12, 0x01, 0x22, 0x42, 0x12, 
  /*57A0:*/ 0x02, 0x02, 0x21, 0x42, 0x02, 0x00, 0x02, 0x22, 0x42, 0x02, 0x02, 0x22, 0x22, 0x12, 0x02, 0x00, 
  /*57B0:*/ 0x12, 0x20, 0x12, 0x20, 0x21, 0x20, 0x20, 0x21, 0x20, 0x01, 0x20, 0x20, 0x02, 0x20, 0x02, 0x22, 
  /*57C0:*/ 0x00, 0x22, 0x02, 0x02, 0x22, 0x20, 0x22, 0x00, 0x02, 0x00, 0x00, 0x00, 0x02, 0x02, 0x20, 0x42, 
  /*57D0:*/ 0xBE, 0xEB, 0x44, 0x24, 0x45, 0x24, 0x52, 0x52, 0x52, 0x54, 0x25, 0x24, 0x42, 0x42, 0x42, 0x42, 
  /*57E0:*/ 0x22, 0x44, 0x25, 0x24, 0x42, 0x44, 0x22, 0x44, 0x42, 0x44, 0x44, 0x24, 0x42, 0x42, 0x24, 0xFF, 
  /*57F0:*/ 0xFF, 0xF9, 0xEF, 0xFF, 0xFF, 0xFF, 0xFF, 0xFB, 0x93, 0x42, 0x42, 0x42, 0x42, 0x42, 0x42, 0x44, 
  /*5800:*/ 0x24, 0x24, 0x25, 0x24, 0x25, 0x22, 0x42, 0x42, 0x44, 0x24, 0x5C, 0xEF, 0xFF, 0xFF, 0xFF, 0xFF, 
  /*5810:*/ 0xFF, 0xFB, 0xBE, 0xEB, 0xEB, 0x44, 0x44, 0x42, 0x42, 0x42, 0x34, 0x00, 0x02, 0x34, 0x44, 0x22, 
  /*5820:*/ 0x10, 0x03, 0x22, 0x53, 0x22, 0x32, 0x32, 0x32, 0x42, 0x22, 0x21, 0x22, 0x22, 0x22, 0x22, 0x22, 
  /*5830:*/ 0x22, 0x22, 0x21, 0x22, 0x02, 0x22, 0x11, 0x22, 0x20, 0x21, 0x22, 0x02, 0x20, 0x20, 0x02, 0x02, 
  /*5840:*/ 0x02, 0x02, 0x20, 0x02, 0x00, 0x02, 0x00, 0x20, 0x02, 0x20, 0x20, 0x20, 0x00, 0x20, 0x20, 0x44, 
  /*5850:*/ 0xAE, 0xFE, 0x42, 0x44, 0x24, 0x42, 0x44, 0x24, 0x44, 0x24, 0x42, 0x42, 0x42, 0x44, 0x25, 0x24, 
  /*5860:*/ 0x44, 0x24, 0x22, 0x42, 0x44, 0x25, 0x24, 0x44, 0x25, 0x24, 0x44, 0x44, 0x44, 0x24, 0x24, 0xFF, 
  /*5870:*/ 0xFF, 0xFB, 0xBF, 0xFF, 0xFF, 0xFF, 0xFF, 0xFE, 0x96, 0x34, 0x24, 0x24, 0x24, 0x24, 0x24, 0x22, 
  /*5880:*/ 0x52, 0x24, 0x22, 0x22, 0x22, 0x22, 0x22, 0x42, 0x24, 0x25, 0x9B, 0xEF, 0xFF, 0xFF, 0xFF, 0xFF, 
  /*5890:*/ 0xFF, 0xE9, 0xEE, 0xEE, 0xE9, 0x34, 0x44, 0x42, 0x65, 0x86, 0x64, 0x12, 0x04, 0x54, 0x55, 0x44, 
  /*58A0:*/ 0x20, 0x14, 0x44, 0x44, 0x45, 0x44, 0x45, 0x44, 0x54, 0x45, 0x44, 0x54, 0x44, 0x44, 0x44, 0x54, 
  /*58B0:*/ 0x45, 0x44, 0x44, 0x45, 0x44, 0x54, 0x44, 0x44, 0x44, 0x45, 0x44, 0x44, 0x44, 0x44, 0x44, 0x44, 
  /*58C0:*/ 0x44, 0x44, 0x44, 0x44, 0x44, 0x44, 0x44, 0x00, 0x22, 0x44, 0x44, 0x22, 0x22, 0x00, 0x20, 0x42, 
  /*58D0:*/ 0xBE, 0xFE, 0x44, 0x44, 0x44, 0x52, 0x52, 0x52, 0x44, 0x44, 0x24, 0x44, 0x25, 0x24, 0x24, 0x24, 
  /*58E0:*/ 0x22, 0x52, 0x44, 0x44, 0x25, 0x22, 0x44, 0x25, 0x24, 0x44, 0x25, 0x24, 0x25, 0x22, 0x24, 0xBE, 
  /*58F0:*/ 0xFF, 0xFB, 0xBE, 0xFF, 0xFF, 0xFF, 0xFF, 0xFE, 0xB8, 0x54, 0x42, 0x22, 0x22, 0x22, 0x22, 0x42, 
  /*5900:*/ 0x22, 0x22, 0x22, 0x42, 0x22, 0x24, 0x22, 0x22, 0x42, 0x45, 0xAE, 0xFF, 0xFF, 0xFF, 0xFF, 0xFF, 
  /*5910:*/ 0xFF, 0xFC, 0xBE, 0xEE, 0xE8, 0x44, 0x54, 0x44, 0x55, 0x54, 0x53, 0x00, 0x04, 0x54, 0x58, 0x42, 
  /*5920:*/ 0x20, 0x24, 0x54, 0x54, 0x54, 0x45, 0x44, 0x54, 0x45, 0x44, 0x54, 0x45, 0x45, 0x55, 0x45, 0x45, 
  /*5930:*/ 0x44, 0x54, 0x54, 0x54, 0x45, 0x44, 0x54, 0x54, 0x55, 0x44, 0x45, 0x45, 0x45, 0x45, 0x45, 0x45, 
  /*5940:*/ 0x45, 0x45, 0x45, 0x45, 0x45, 0x45, 0x44, 0x20, 0x04, 0x56, 0x56, 0x64, 0x00, 0x20, 0x22, 0x42, 
  /*5950:*/ 0x9F, 0xFE, 0x42, 0x42, 0x52, 0x44, 0x24, 0x44, 0x42, 0x44, 0x44, 0x44, 0x24, 0x42, 0x42, 0x42, 
  /*5960:*/ 0x52, 0x24, 0x24, 0x24, 0x22, 0x44, 0x44, 0x24, 0x42, 0x44, 0x42, 0x45, 0x24, 0x42, 0x24, 0x9F, 
  /*5970:*/ 0xFF, 0xFE, 0x9F, 0xFF, 0xFF, 0xFF, 0xFF, 0xFE, 0xBB, 0x99, 0x99, 0x99, 0x99, 0x99, 0x99, 0x69, 
  /*5980:*/ 0x99, 0x99, 0x99, 0x69, 0x99, 0x95, 0x99, 0x69, 0x9A, 0xAB, 0xFF, 0xFF, 0xFF, 0xFF, 0xFF, 0xFF, 
  /*5990:*/ 0xFF, 0xE9, 0xEE, 0xEE, 0xE4, 0x44, 0x44, 0x22, 0x21, 0x13, 0x11, 0x21, 0x02, 0x13, 0x12, 0x22, 
  /*59A0:*/ 0x00, 0x24, 0x24, 0x44, 0x34, 0x43, 0x44, 0x34, 0x43, 0x43, 0x34, 0x34, 0x33, 0x33, 0x43, 0x43, 
  /*59B0:*/ 0x44, 0x44, 0x34, 0x44, 0x44, 0x44, 0x44, 0x44, 0x44, 0x44, 0x44, 0x44, 0x44, 0x44, 0x53, 0x44, 
  /*59C0:*/ 0x54, 0x44, 0x44, 0x54, 0x45, 0x44, 0x54, 0x02, 0x02, 0x41, 0x41, 0x42, 0x00, 0x01, 0x00, 0x44, 
  /*59D0:*/ 0x9E, 0xFE, 0x44, 0x44, 0x25, 0x25, 0x25, 0x24, 0x45, 0x24, 0x44, 0x25, 0x24, 0x25, 0x24, 0x42, 
  /*59E0:*/ 0x42, 0x44, 0x25, 0x24, 0x44, 0x24, 0x25, 0x24, 0x44, 0x42, 0x52, 0x44, 0x42, 0x44, 0x24, 0x9E, 
  /*59F0:*/ 0xFF, 0xFF, 0xBE, 0xFF, 0xFF, 0xFF, 0xFF, 0xFF, 0xFF, 0xFE, 0xEB, 0xED, 0xED, 0xED, 0xED, 0xEC, 
  /*5A00:*/ 0xED, 0xED, 0xDE, 0xCE, 0xBD, 0xEE, 0xBE, 0xEC, 0xBE, 0xEF, 0xFF, 0xFF, 0xFF, 0xFF, 0xFF, 0xFF, 
  /*5A10:*/ 0xFF, 0xBB, 0xEE, 0xEE, 0xE4, 0x44, 0x54, 0x22, 0x21, 0x21, 0x02, 0x02, 0x02, 0x24, 0x31, 0x11, 
  /*5A20:*/ 0x20, 0x22, 0x22, 0x22, 0x22, 0x22, 0x22, 0x22, 0x22, 0x22, 0x12, 0x22, 0x22, 0x21, 0x22, 0x22, 
  /*5A30:*/ 0x21, 0x22, 0x22, 0x20, 0x20, 0x22, 0x20, 0x22, 0x02, 0x20, 0x22, 0x20, 0x22, 0x20, 0x02, 0x20, 
  /*5A40:*/ 0x02, 0x22, 0x22, 0x02, 0x20, 0x22, 0x02, 0x20, 0x21, 0x02, 0x21, 0x02, 0x12, 0x42, 0x44, 0x42, 
  /*5A50:*/ 0x9E, 0xFE, 0x52, 0x42, 0x52, 0x42, 0x44, 0x44, 0x24, 0x42, 0x52, 0x52, 0x42, 0x52, 0x44, 0x25, 
  /*5A60:*/ 0x24, 0x42, 0x42, 0x42, 0x52, 0x52, 0x42, 0x44, 0x42, 0x52, 0x44, 0x44, 0x44, 0x42, 0x22, 0x6E, 
  /*5A70:*/ 0xEF, 0xFE, 0x9E, 0xFF, 0xFF, 0xFF, 0xFF, 0xFF, 0xFF, 0xFF, 0xEF, 0xEF, 0xFF, 0xFF, 0xEE, 0xEE, 
  /*5A80:*/ 0xEE, 0xEF, 0xEE, 0xEE, 0xEE, 0xEE, 0xEE, 0xEE, 0xEE, 0xFF, 0xEF, 0xFF, 0xFF, 0xFF, 0xFF, 0xFF, 
  /*5A90:*/ 0xFF, 0xBB, 0xEE, 0xEE, 0xB4, 0x44, 0x44, 0x22, 0x21, 0x22, 0x12, 0x00, 0x21, 0x18, 0x81, 0x02, 
  /*5AA0:*/ 0x01, 0x22, 0x21, 0x22, 0x12, 0x02, 0x12, 0x01, 0x20, 0x21, 0x22, 0x20, 0x22, 0x12, 0x20, 0x21, 
  /*5AB0:*/ 0x02, 0x01, 0x00, 0x20, 0x20, 0x10, 0x20, 0x20, 0x20, 0x22, 0x02, 0x02, 0x20, 0x22, 0x02, 0x02, 
  /*5AC0:*/ 0x10, 0x20, 0x22, 0x10, 0x21, 0x01, 0x02, 0x10, 0x02, 0x24, 0x64, 0x12, 0x02, 0x44, 0x44, 0x52, 
  /*5AD0:*/ 0x9E, 0xFF, 0x44, 0x44, 0x24, 0x45, 0x24, 0x44, 0x52, 0x52, 0x42, 0x24, 0x42, 0x24, 0x25, 0x22, 
  /*5AE0:*/ 0x44, 0x25, 0x24, 0x44, 0x24, 0x24, 0x44, 0x44, 0x44, 0x44, 0x45, 0x24, 0x45, 0x25, 0x22, 0x5E, 
  /*5AF0:*/ 0xEF, 0xFF, 0xBB, 0xFF, 0xFF, 0xFF, 0xFF, 0xFF, 0xFF, 0xFF, 0xFF, 0xFF, 0xFF, 0xFF, 0xFE, 0xFF, 
  /*5B00:*/ 0xFF, 0xFF, 0xFF, 0xFF, 0xEF, 0xFF, 0xFE, 0xEF, 0xFF, 0xFF, 0xFF, 0xFF, 0xFF, 0xFF, 0xFF, 0xFF, 
  /*5B10:*/ 0xFE, 0x9E, 0xEE, 0xEE, 0x93, 0x45, 0x44, 0x22, 0x22, 0x10, 0x20, 0x21, 0x22, 0x11, 0x11, 0x10, 
  /*5B20:*/ 0x21, 0x21, 0x22, 0x12, 0x02, 0x21, 0x20, 0x22, 0x21, 0x22, 0x02, 0x12, 0x11, 0x02, 0x02, 0x10, 
  /*5B30:*/ 0x21, 0x02, 0x10, 0x20, 0x20, 0x20, 0x02, 0x02, 0x02, 0x00, 0x20, 0x20, 0x20, 0x01, 0x01, 0x02, 
  /*5B40:*/ 0x02, 0x02, 0x10, 0x20, 0x20, 0x20, 0x21, 0x02, 0x02, 0x01, 0x54, 0x02, 0x12, 0x44, 0x44, 0x44, 
  /*5B50:*/ 0x6E, 0xFF, 0x53, 0x24, 0x44, 0x42, 0x44, 0x42, 0x42, 0x44, 0x25, 0x42, 0x45, 0x24, 0x42, 0x44, 
  /*5B60:*/ 0x44, 0x42, 0x44, 0x25, 0x24, 0x44, 0x25, 0x24, 0x42, 0x52, 0x44, 0x45, 0x24, 0x44, 0x42, 0x4E, 
  /*5B70:*/ 0xEF, 0xFF, 0xBB, 0xEF, 0xFF, 0xFF, 0xFF, 0xFF, 0xFF, 0xFF, 0xFF, 0xFF, 0xFF, 0xFF, 0xFF, 0xFF, 
  /*5B80:*/ 0xFF, 0xFF, 0xFF, 0xFF, 0xFF, 0xFF, 0xFF, 0xFF, 0xFF, 0xFF, 0xFF, 0xFF, 0xFF, 0xFF, 0xFF, 0xFF, 
  /*5B90:*/ 0xFF, 0xCE, 0xEE, 0xEE, 0x84, 0x44, 0x44, 0x22, 0x10, 0x22, 0x22, 0x10, 0x22, 0x10, 0x10, 0x11, 
  /*5BA0:*/ 0x02, 0x22, 0x12, 0x02, 0x21, 0x02, 0x02, 0x10, 0x20, 0x21, 0x20, 0x20, 0x22, 0x21, 0x02, 0x12, 
  /*5BB0:*/ 0x02, 0x02, 0x20, 0x20, 0x10, 0x10, 0x20, 0x10, 0x10, 0x20, 0x20, 0x20, 0x02, 0x02, 0x02, 0x02, 
  /*5BC0:*/ 0x00, 0x10, 0x20, 0x12, 0x02, 0x10, 0x02, 0x20, 0x21, 0x02, 0x10, 0x02, 0x04, 0x44, 0x44, 0x44, 
  /*5BD0:*/ 0x6E, 0xFF, 0x53, 0x44, 0x44, 0x45, 0x25, 0x25, 0x25, 0x24, 0x42, 0x44, 0x24, 0x44, 0x24, 0x44, 
  /*5BE0:*/ 0x24, 0x44, 0x25, 0x24, 0x44, 0x25, 0x24, 0x44, 0x44, 0x44, 0x44, 0x44, 0x44, 0x44, 0x42, 0x4E, 
  /*5BF0:*/ 0xEF, 0xFF, 0xE9, 0xFF, 0xFF, 0xFF, 0xFF, 0xFF, 0xFF, 0xFF, 0xFF, 0xFF, 0xFF, 0xFF, 0xFF, 0xFF, 
  /*5C00:*/ 0xFF, 0xFF, 0xFF, 0xFF, 0xFF, 0xFF, 0xFF, 0xFF, 0xFF, 0xFF, 0xFF, 0xFF, 0xFF, 0xFF, 0xFF, 0xFF, 
  /*5C10:*/ 0xFB, 0xBE, 0xEB, 0xEE, 0x64, 0x45, 0x44, 0x22, 0x22, 0x22, 0x12, 0x23, 0x22, 0x12, 0x22, 0x22, 
  /*5C20:*/ 0x23, 0x22, 0x22, 0x12, 0x22, 0x12, 0x12, 0x22, 0x12, 0x10, 0x22, 0x12, 0x10, 0x22, 0x21, 0x02, 
  /*5C30:*/ 0x10, 0x21, 0x02, 0x12, 0x02, 0x02, 0x02, 0x02, 0x02, 0x02, 0x10, 0x10, 0x20, 0x20, 0x20, 0x20, 
  /*5C40:*/ 0x20, 0x20, 0x20, 0x20, 0x20, 0x02, 0x01, 0x21, 0x20, 0x10, 0x01, 0x02, 0x02, 0x44, 0x54, 0x44, 
  /*5C50:*/ 0x6E, 0xFE, 0x61, 0x44, 0x42, 0x42, 0x52, 0x44, 0x42, 0x44, 0x44, 0x25, 0x24, 0x25, 0x24, 0x42, 
  /*5C60:*/ 0x52, 0x44, 0x42, 0x44, 0x25, 0x24, 0x44, 0x44, 0x25, 0x25, 0x24, 0x44, 0x44, 0x44, 0x42, 0x49, 
  /*5C70:*/ 0xFF, 0xFF, 0xF9, 0xFF, 0xFF, 0xFF, 0xFF, 0xFF, 0xFF, 0xFF, 0xFF, 0xFF, 0xFF, 0xFF, 0xFF, 0xFF, 
  /*5C80:*/ 0xFF, 0xFF, 0xFF, 0xFF, 0xFF, 0xFF, 0xFF, 0xFF, 0xFF, 0xFF, 0xFF, 0xFF, 0xFF, 0xFF, 0xFF, 0xFF, 
  /*5C90:*/ 0xFB, 0xBE, 0xEE, 0xEE, 0x84, 0x44, 0x44, 0x44, 0x44, 0x44, 0x44, 0x44, 0x44, 0x44, 0x44, 0x44, 
  /*5CA0:*/ 0x44, 0x44, 0x44, 0x44, 0x44, 0x44, 0x44, 0x44, 0x44, 0x44, 0x44, 0x43, 0x44, 0x43, 0x44, 0x43, 
  /*5CB0:*/ 0x44, 0x34, 0x34, 0x43, 0x44, 0x44, 0x34, 0x43, 0x44, 0x34, 0x34, 0x43, 0x43, 0x42, 0x44, 0x33, 
  /*5CC0:*/ 0x43, 0x43, 0x33, 0x33, 0x33, 0x43, 0x32, 0x34, 0x43, 0x44, 0x42, 0x43, 0x44, 0x44, 0x44, 0x52, 
  /*5CD0:*/ 0x6E, 0xEE, 0x82, 0x44, 0x45, 0x24, 0x44, 0x44, 0x44, 0x44, 0x45, 0x24, 0x44, 0x42, 0x44, 0x44, 
  /*5CE0:*/ 0x25, 0x24, 0x45, 0x25, 0x24, 0x44, 0x44, 0x25, 0x44, 0x44, 0x44, 0x52, 0x54, 0x44, 0x44, 0x29, 
  /*5CF0:*/ 0xFF, 0xFF, 0xFC, 0xEF, 0xFF, 0xFF, 0xFF, 0xFF, 0xFF, 0xFF, 0xFF, 0xFF, 0xFF, 0xFF, 0xFF, 0xFF, 
  /*5D00:*/ 0xFF, 0xFF, 0xFF, 0xFF, 0xFF, 0xFF, 0xFF, 0xFF, 0xFF, 0xFF, 0xFF, 0xFF, 0xFF, 0xFF, 0xFF, 0xFF, 
  /*5D10:*/ 0xFB, 0xBE, 0xEE, 0xEE, 0xB9, 0x65, 0x86, 0x65, 0x85, 0x85, 0x58, 0x56, 0x46, 0x45, 0x84, 0x58, 
  /*5D20:*/ 0x55, 0x84, 0x54, 0x54, 0x54, 0x54, 0x54, 0x54, 0x45, 0x45, 0x44, 0x45, 0x44, 0x45, 0x44, 0x44, 
  /*5D30:*/ 0x44, 0x44, 0x44, 0x44, 0x44, 0x44, 0x44, 0x44, 0x44, 0x44, 0x44, 0x44, 0x44, 0x44, 0x44, 0x42, 
  /*5D40:*/ 0x44, 0x24, 0x44, 0x42, 0x44, 0x44, 0x44, 0x44, 0x44, 0x44, 0x44, 0x44, 0x44, 0x44, 0x44, 0x44, 
  /*5D50:*/ 0xBE, 0xEE, 0xC4, 0x44, 0x24, 0x52, 0x44, 0x25, 0x25, 0x25, 0x24, 0x44, 0x25, 0x25, 0x44, 0x25, 
  /*5D60:*/ 0x24, 0x44, 0x24, 0x42, 0x44, 0x44, 0x44, 0x52, 0x44, 0x44, 0x44, 0x44, 0x44, 0x52, 0x44, 0x5B, 
  /*5D70:*/ 0xEF, 0xFF, 0xF9, 0xEE, 0xFF, 0xFF, 0xFF, 0xFF, 0xFF, 0xFF, 0xFF, 0xFF, 0xFF, 0xFF, 0xFF, 0xFF, 
  /*5D80:*/ 0xFF, 0xFF, 0xFF, 0xFF, 0xFF, 0xFF, 0xFF, 0xFF, 0xFF, 0xFF, 0xFF, 0xFF, 0xFF, 0xFF, 0xFF, 0xFF, 
  /*5D90:*/ 0xEA, 0xEE, 0xEE, 0xEE, 0xEE, 0xEE, 0xEE, 0xEE, 0xEE, 0xBE, 0xEB, 0xEE, 0xEE, 0xEE, 0xEF, 0xEE, 
  /*5DA0:*/ 0xEE, 0xBF, 0xEE, 0xEE, 0xEE, 0xEE, 0xEE, 0xEE, 0xEE, 0xEE, 0xEF, 0xFE, 0xEF, 0xFE, 0xEF, 0xFF, 
  /*5DB0:*/ 0xFF, 0xFE, 0xEE, 0xEE, 0xEE, 0xBE, 0xEB, 0xEB, 0xEB, 0xBB, 0xBB, 0xBB, 0xBB, 0xBB, 0xBB, 0xBB, 
  /*5DC0:*/ 0xBB, 0xBB, 0x9B, 0x9B, 0xBC, 0x9B, 0x9B, 0xCB, 0xC9, 0x9C, 0x6B, 0x99, 0xB9, 0xC9, 0x79, 0xBE, 
  /*5DD0:*/ 0xEE, 0xFF, 0xFE, 0xC9, 0x79, 0x6C, 0x6C, 0x69, 0x6B, 0x69, 0x67, 0x69, 0x69, 0x66, 0x96, 0x79, 
  /*5DE0:*/ 0x69, 0x6C, 0x96, 0xAC, 0x99, 0x97, 0x99, 0x99, 0x79, 0x97, 0x9A, 0x97, 0x99, 0x9C, 0x9B, 0xBE, 
  /*5DF0:*/ 0xEF, 0xFF, 0xFB, 0xBE, 0xFF, 0xFF, 0xFF, 0xFF, 0xFF, 0xFF, 0xFF, 0xFF, 0xFF, 0xFF, 0xFF, 0xFF, 
  /*5E00:*/ 0xFF, 0xFF, 0xFF, 0xFF, 0xFF, 0xFF, 0xFF, 0xFF, 0xFF, 0xFF, 0xFF, 0xFF, 0xFF, 0xFF, 0xFF, 0xFF, 
  /*5E10:*/ 0xFB, 0xBE, 0xEB, 0xEE, 0xEB, 0xEE, 0xBE, 0xEE, 0xBE, 0xEE, 0xEE, 0xEE, 0xEE, 0xEE, 0xEE, 0xEE, 
  /*5E20:*/ 0xEE, 0xEE, 0xEE, 0xEE, 0xEE, 0xEE, 0xEE, 0xEE, 0xEE, 0xEE, 0xEE, 0xEE, 0xFE, 0xEF, 0xEF, 0xEE, 
  /*5E30:*/ 0xFE, 0xEE, 0xEE, 0xEE, 0xEE, 0xFE, 0xEF, 0xFF, 0xEF, 0xFE, 0xFE, 0xEE, 0xEE, 0xEE, 0xEE, 0xEE, 
  /*5E40:*/ 0xEE, 0xEE, 0xFE, 0xFE, 0xEE, 0xEE, 0xEE, 0xEE, 0xEE, 0xEE, 0xEE, 0xEE, 0xEE, 0xEE, 0xEE, 0xEE, 
  /*5E50:*/ 0xFF, 0xFF, 0xFF, 0xEE, 0xEE, 0xFE, 0xFF, 0xFF, 0xFE, 0xFE, 0xFE, 0xEF, 0xFF, 0xFF, 0xFF, 0xEE, 
  /*5E60:*/ 0xFF, 0xFE, 0xEF, 0xFE, 0xEE, 0xEE, 0xEE, 0xEE, 0xEF, 0xEF, 0xEE, 0xEE, 0xFE, 0xEE, 0xEE, 0xEE, 
  /*5E70:*/ 0xFF, 0xFF, 0xFB, 0xBE, 0xFF, 0xFF, 0xFF, 0xFF, 0xFF, 0xFF, 0xFF, 0xFF, 0xFF, 0xFF, 0xFF, 0xFF, 
  /*5E80:*/ 0xFF, 0xFF, 0xFF, 0xFF, 0xFF, 0xFF, 0xFF, 0xFF, 0xFF, 0xFF, 0xFF, 0xFF, 0xFF, 0xFF, 0xFF, 0xFF, 
  /*5E90:*/ 0xEA, 0xB9, 0xB9, 0xB9, 0xB9, 0xB9, 0xB9, 0xB9, 0xB9, 0xBB, 0x9B, 0x9B, 0x9B, 0x9B, 0x9B, 0x9B, 
  /*5EA0:*/ 0x9B, 0x9B, 0x9B, 0x9B, 0x9B, 0x9B, 0x9B, 0x9B, 0x9B, 0x9B, 0x9B, 0x9B, 0x9B, 0x9B, 0x9B, 0x9B, 
  /*5EB0:*/ 0x9B, 0x9B, 0xC9, 0xBC, 0x9B, 0xC9, 0xBC, 0x9B, 0xB9, 0xBC, 0xBA, 0xBB, 0xCB, 0xAB, 0xBA, 0xBB, 
  /*5EC0:*/ 0xBB, 0xBB, 0xBC, 0xBB, 0xBB, 0xBB, 0xBB, 0xBB, 0xBB, 0xBB, 0xBB, 0xBB, 0xBB, 0xBB, 0xEB, 0xBE, 
  /*5ED0:*/ 0xBE, 0xBE, 0xBE, 0xBE, 0xBE, 0xBE, 0xBE, 0xBE, 0xBE, 0xBE, 0xBE, 0xEB, 0xEE, 0xBE, 0xEB, 0xEE, 
  /*5EE0:*/ 0xBE, 0xEB, 0xEE, 0xBE, 0xBE, 0xBE, 0xBE, 0xDE, 0xEB, 0xEE, 0xBE, 0xDE, 0xEB, 0xEB, 0xEB, 0xEE, 
  /*5EF0:*/ 0xBE, 0xBE, 0xEC, 0x9E, 0xFF, 0xFF, 0xFF, 0xFF, 0xFF, 0xFF, 0xFF, 0xFF, 0xFF, 0xFF, 0xFF, 0xFF, 
  /*5F00:*/ 0xFF, 0xFF, 0xFF, 0xFF, 0xFF, 0xFF, 0xFF, 0xFF, 0xFF, 0xFF, 0xFF, 0xFF, 0xFF, 0xFF, 0xFF, 0xFF, 
  /*5F10:*/ 0xE4, 0x55, 0x46, 0x45, 0x55, 0x85, 0x56, 0x46, 0x56, 0x46, 0x58, 0x56, 0x56, 0x56, 0x56, 0x56, 
  /*5F20:*/ 0x58, 0x56, 0x66, 0x66, 0x66, 0x66, 0x86, 0x66, 0x68, 0x66, 0x66, 0x66, 0x66, 0x96, 0x66, 0x96, 
  /*5F30:*/ 0x66, 0x96, 0x69, 0x69, 0x66, 0x96, 0x96, 0x96, 0x96, 0x99, 0x69, 0x69, 0x96, 0x99, 0x99, 0x96, 
  /*5F40:*/ 0x99, 0x99, 0x99, 0x99, 0x99, 0x99, 0xC6, 0x99, 0xC9, 0x9C, 0x99, 0xC9, 0xC9, 0xC9, 0xB9, 0xC9, 
  /*5F50:*/ 0xC9, 0xC9, 0xC9, 0xC9, 0xC9, 0xB9, 0xC9, 0xB9, 0xBA, 0xB9, 0xB9, 0xB9, 0xC9, 0xB9, 0xCB, 0x9B, 
  /*5F60:*/ 0xAB, 0x9B, 0xCC, 0x9B, 0xBC, 0xB9, 0xBC, 0xB9, 0xBC, 0x9B, 0xCB, 0xC9, 0xBB, 0x9B, 0xCB, 0x9C, 
  /*5F70:*/ 0xB9, 0xBA, 0xB9, 0x9E, 0xFF, 0xFF, 0xFF, 0xFF, 0xFF, 0xFF, 0xFF, 0xFF, 0xFF, 0xFF, 0xFF, 0xFF, 
  /*5F80:*/ 0xFF, 0xFF, 0xFF, 0xFF, 0xFF, 0xFF, 0xFF, 0xFF, 0xFF, 0xFF, 0xFF, 0xFF, 0xFF, 0xFF, 0xFF, 0xFF, 
  /*5F90:*/ 0xE4, 0x33, 0x13, 0x23, 0x13, 0x02, 0x13, 0x11, 0x13, 0x11, 0x22, 0x21, 0x11, 0x11, 0x31, 0x11, 
  /*5FA0:*/ 0x32, 0x21, 0x11, 0x11, 0x11, 0x11, 0x21, 0x11, 0x12, 0x21, 0x11, 0x11, 0x11, 0x11, 0x11, 0x21, 
  /*5FB0:*/ 0x11, 0x21, 0x12, 0x12, 0x11, 0x21, 0x22, 0x21, 0x23, 0x22, 0x32, 0x32, 0x23, 0x22, 0x23, 0x23, 
  /*5FC0:*/ 0x22, 0x22, 0x23, 0x22, 0x32, 0x23, 0x23, 0x23, 0x22, 0x32, 0x32, 0x32, 0x32, 0x43, 0x24, 0x34, 
  /*5FD0:*/ 0x34, 0x44, 0x44, 0x44, 0x44, 0x44, 0x44, 0x44, 0x44, 0x44, 0x44, 0x44, 0x44, 0x44, 0x44, 0x44, 
  /*5FE0:*/ 0x44, 0x44, 0x44, 0x44, 0x44, 0x44, 0x44, 0x44, 0x44, 0x44, 0x33, 0x44, 0x42, 0x44, 0x44, 0x34, 
  /*5FF0:*/ 0x44, 0x43, 0x42, 0x5E, 0xEF, 0xFF, 0xFF, 0xFF, 0xFF, 0xFF, 0xFF, 0xFF, 0xFF, 0xFF, 0xFF, 0xFF, 
  /*6000:*/ 0xFF, 0xFF, 0xFF, 0xFF, 0xFF, 0xFF, 0xFF, 0xFF, 0xFF, 0xFF, 0xFF, 0xFF, 0xFF, 0xFF, 0xFF, 0xFF, 
  /*6010:*/ 0xE4, 0x12, 0x32, 0x23, 0x22, 0x32, 0x32, 0x23, 0x22, 0x32, 0x32, 0x23, 0x23, 0x23, 0x21, 0x32, 
  /*6020:*/ 0x22, 0x32, 0x23, 0x22, 0x12, 0x12, 0x22, 0x22, 0x22, 0x42, 0x22, 0x42, 0x24, 0x24, 0x22, 0x32, 
  /*6030:*/ 0x42, 0x24, 0x23, 0x22, 0x32, 0x32, 0x32, 0x32, 0x32, 0x23, 0x22, 0x21, 0x32, 0x23, 0x22, 0x22, 
  /*6040:*/ 0x32, 0x23, 0x22, 0x32, 0x24, 0x22, 0x22, 0x42, 0x22, 0x22, 0x22, 0x22, 0x42, 0x22, 0x22, 0x22, 
  /*6050:*/ 0x22, 0x22, 0x22, 0x22, 0x22, 0x42, 0x24, 0x22, 0x42, 0x42, 0x42, 0x42, 0x42, 0x42, 0x42, 0x42, 
  /*6060:*/ 0x42, 0x42, 0x24, 0x22, 0x42, 0x42, 0x42, 0x42, 0x42, 0x22, 0x02, 0x01, 0x22, 0x12, 0x22, 0x22, 
  /*6070:*/ 0x22, 0x22, 0x42, 0x8B, 0xFF, 0xFF, 0xFF, 0xFF, 0xFF, 0xFF, 0xFF, 0xFF, 0xFF, 0xFF, 0xFF, 0xFF, 
  /*6080:*/ 0xFF, 0xFF, 0xFF, 0xFF, 0xFF, 0xFF, 0xFF, 0xFF, 0xFF, 0xFF, 0xFF, 0xFF, 0xFF, 0xFF, 0xFF, 0xFF, 
  /*6090:*/ 0xE3, 0x24, 0x21, 0x32, 0x22, 0x22, 0x22, 0x32, 0x22, 0x32, 0x23, 0x22, 0x22, 0x22, 0x32, 0x23, 
  /*60A0:*/ 0x23, 0x22, 0x32, 0x14, 0x23, 0x24, 0x24, 0x24, 0x22, 0x22, 0x41, 0x22, 0x42, 0x22, 0x42, 0x22, 
  /*60B0:*/ 0x24, 0x22, 0x22, 0x32, 0x22, 0x24, 0x22, 0x32, 0x24, 0x22, 0x24, 0x22, 0x24, 0x22, 0x32, 0x42, 
  /*60C0:*/ 0x24, 0x22, 0x42, 0x22, 0x42, 0x24, 0x22, 0x23, 0x24, 0x23, 0x23, 0x24, 0x22, 0x24, 0x22, 0x42, 
  /*60D0:*/ 0x22, 0x42, 0x23, 0x24, 0x22, 0x24, 0x22, 0x42, 0x22, 0x22, 0x42, 0x24, 0x24, 0x22, 0x42, 0x22, 
  /*60E0:*/ 0x42, 0x24, 0x22, 0x42, 0x24, 0x21, 0x41, 0x14, 0x24, 0x24, 0x24, 0x24, 0x24, 0x22, 0x42, 0x32, 
  /*60F0:*/ 0x42, 0x42, 0x23, 0x4F, 0xFF, 0xFF, 0xFF, 0xFF, 0xFF, 0xFF, 0xFF, 0xFF, 0xFF, 0xFF, 0xFF, 0xFF, 
  /*6100:*/ 0xFF, 0xFF, 0xFF, 0xFF, 0xFF, 0xFF, 0xFF, 0xFF, 0xFF, 0xFF, 0xFF, 0xFF, 0xFF, 0xFF, 0xFF, 0xFF, 
  /*6110:*/ 0xE4, 0x22, 0x22, 0x22, 0x14, 0x21, 0x32, 0x21, 0x21, 0x21, 0x22, 0x12, 0x12, 0x31, 0x22, 0x22, 
  /*6120:*/ 0x12, 0x22, 0x22, 0x22, 0x21, 0x21, 0x21, 0x12, 0x12, 0x21, 0x22, 0x12, 0x11, 0x21, 0x21, 0x22, 
  /*6130:*/ 0x12, 0x12, 0x12, 0x12, 0x22, 0x12, 0x12, 0x22, 0x10, 0x21, 0x21, 0x22, 0x12, 0x12, 0x21, 0x22, 
  /*6140:*/ 0x21, 0x22, 0x22, 0x22, 0x22, 0x22, 0x21, 0x22, 0x20, 0x22, 0x10, 0x22, 0x12, 0x12, 0x21, 0x22, 
  /*6150:*/ 0x22, 0x21, 0x22, 0x22, 0x22, 0x22, 0x22, 0x22, 0x22, 0x22, 0x22, 0x22, 0x22, 0x22, 0x22, 0x22, 
  /*6160:*/ 0x22, 0x22, 0x22, 0x22, 0x42, 0x11, 0x41, 0x12, 0x24, 0x22, 0x42, 0x42, 0x42, 0x42, 0x22, 0x21, 
  /*6170:*/ 0x22, 0x22, 0x22, 0x9E, 0xFF, 0xFF, 0xFF, 0xFF, 0xFF, 0xFF, 0xFF, 0xFF, 0xFF, 0xFF, 0xFF, 0xFF, 
  /*6180:*/ 0xFF, 0xFF, 0xFF, 0xFF, 0xFF, 0xFF, 0xFF, 0xFF, 0xFF, 0xFF, 0xFF, 0xFF, 0xFF, 0xFF, 0xFF, 0xFF, 
  /*6190:*/ 0xE4, 0x41, 0x32, 0x44, 0x22, 0x42, 0x22, 0x42, 0x42, 0x42, 0x42, 0x42, 0x42, 0x42, 0x42, 0x42, 
  /*61A0:*/ 0x42, 0x42, 0x42, 0x24, 0x24, 0x24, 0x24, 0x24, 0x24, 0x24, 0x24, 0x24, 0x24, 0x24, 0x22, 0x42, 
  /*61B0:*/ 0x42, 0x42, 0x42, 0x42, 0x42, 0x42, 0x24, 0x24, 0x24, 0x24, 0x22, 0x42, 0x42, 0x24, 0x22, 0x42, 
  /*61C0:*/ 0x42, 0x42, 0x22, 0x42, 0x22, 0x23, 0x22, 0x42, 0x24, 0x12, 0x42, 0x42, 0x24, 0x22, 0x42, 0x24, 
  /*61D0:*/ 0x24, 0x22, 0x42, 0x22, 0x32, 0x32, 0x24, 0x22, 0x42, 0x42, 0x42, 0x22, 0x42, 0x24, 0x22, 0x42, 
  /*61E0:*/ 0x42, 0x42, 0x42, 0x42, 0x32, 0x40, 0x11, 0x44, 0x24, 0x24, 0x24, 0x24, 0x24, 0x24, 0x23, 0x24, 
  /*61F0:*/ 0x24, 0x24, 0x43, 0x9F, 0xFF, 0xFF, 0xFF, 0xFF, 0xFF, 0xFF, 0xFF, 0xFF, 0xFF, 0xFF, 0xFF, 0xFF, 
  /*6200:*/ 0xFF, 0xFF, 0xFF, 0xFF, 0xFF, 0xFF, 0xFF, 0xFF, 0xFF, 0xFF, 0xFF, 0xFF, 0xFF, 0xFF, 0xFF, 0xFF, 
  /*6210:*/ 0xF6, 0x34, 0x24, 0x22, 0x42, 0x42, 0x44, 0x24, 0x24, 0x24, 0x24, 0x24, 0x24, 0x24, 0x24, 0x24, 
  /*6220:*/ 0x24, 0x42, 0x44, 0x42, 0x42, 0x42, 0x42, 0x42, 0x42, 0x42, 0x42, 0x42, 0x42, 0x42, 0x44, 0x24, 
  /*6230:*/ 0x24, 0x24, 0x24, 0x24, 0x24, 0x24, 0x24, 0x24, 0x22, 0x42, 0x42, 0x42, 0x42, 0x42, 0x42, 0x42, 
  /*6240:*/ 0x42, 0x24, 0x24, 0x24, 0x43, 0x24, 0x24, 0x24, 0x24, 0x24, 0x24, 0x24, 0x22, 0x42, 0x24, 0x24, 
  /*6250:*/ 0x22, 0x42, 0x42, 0x43, 0x24, 0x24, 0x24, 0x24, 0x24, 0x24, 0x24, 0x42, 0x42, 0x42, 0x42, 0x42, 
  /*6260:*/ 0x42, 0x42, 0x42, 0x42, 0x42, 0x42, 0x42, 0x42, 0x42, 0x42, 0x42, 0x24, 0x24, 0x24, 0x22, 0x42, 
  /*6270:*/ 0x42, 0x42, 0x44, 0xBE, 0xFF, 0xFF, 0xFF, 0xFF, 0xFF, 0xFF, 0xFF, 0xFF, 0xFF, 0xFF, 0xFF, 0xFF, 
  /*6280:*/ 0xFF, 0xFF, 0xFF, 0xFF, 0xFF, 0xFF, 0xFF, 0xFF, 0xFF, 0xFF, 0xFF, 0xFF, 0xFF, 0xFF, 0xFF, 0xFF, 
  /*6290:*/ 0xEB, 0x85, 0x45, 0x44, 0x44, 0x42, 0x24, 0x22, 0x42, 0x42, 0x42, 0x42, 0x42, 0x42, 0x24, 0x24, 
  /*62A0:*/ 0x24, 0x24, 0x22, 0x24, 0x24, 0x24, 0x24, 0x24, 0x24, 0x42, 0x42, 0x42, 0x42, 0x42, 0x42, 0x42, 
  /*62B0:*/ 0x42, 0x42, 0x42, 0x42, 0x42, 0x42, 0x42, 0x42, 0x44, 0x24, 0x24, 0x24, 0x24, 0x24, 0x24, 0x24, 
  /*62C0:*/ 0x24, 0x24, 0x42, 0x42, 0x24, 0x24, 0x24, 0x24, 0x24, 0x24, 0x24, 0x24, 0x24, 0x24, 0x24, 0x24, 
  /*62D0:*/ 0x24, 0x24, 0x24, 0x24, 0x24, 0x24, 0x24, 0x24, 0x24, 0x24, 0x24, 0x24, 0x24, 0x24, 0x24, 0x24, 
  /*62E0:*/ 0x24, 0x24, 0x24, 0x24, 0x24, 0x24, 0x22, 0x42, 0x42, 0x24, 0x24, 0x24, 0x22, 0x42, 0x24, 0x24, 
  /*62F0:*/ 0x24, 0x24, 0x44, 0xFF, 0xFF, 0xFF, 0xFF, 0xFF, 0xFF, 0xFF, 0xFF, 0xFF, 0xFF, 0xFF, 0xFF, 0xFF, 
  /*6300:*/ 0xFF, 0xFF, 0xFF, 0xFF, 0xFF, 0xFF, 0xFF, 0xFF, 0xFF, 0xFF, 0xFF, 0xFF, 0xFF, 0xFF, 0xFF, 0xFE, 
  /*6310:*/ 0xEB, 0xCB, 0x99, 0x96, 0x85, 0x21, 0x21, 0x21, 0x20, 0x22, 0x02, 0x02, 0x20, 0x22, 0x00, 0x20, 
  /*6320:*/ 0x02, 0x00, 0x12, 0x01, 0x00, 0x20, 0x20, 0x20, 0x20, 0x20, 0x22, 0x02, 0x22, 0x22, 0x02, 0x22, 
  /*6330:*/ 0x02, 0x22, 0x22, 0x22, 0x22, 0x22, 0x22, 0x22, 0x20, 0x22, 0x22, 0x22, 0x22, 0x22, 0x22, 0x22, 
  /*6340:*/ 0x22, 0x22, 0x21, 0x22, 0x22, 0x22, 0x22, 0x22, 0x22, 0x22, 0x22, 0x22, 0x22, 0x22, 0x22, 0x22, 
  /*6350:*/ 0x22, 0x22, 0x21, 0x22, 0x22, 0x22, 0x22, 0x22, 0x22, 0x22, 0x22, 0x22, 0x22, 0x22, 0x22, 0x22, 
  /*6360:*/ 0x22, 0x22, 0x22, 0x21, 0x22, 0x00, 0x21, 0x02, 0x22, 0x22, 0x22, 0x42, 0x22, 0x24, 0x24, 0x45, 
  /*6370:*/ 0x68, 0x99, 0x9E, 0xEE, 0xFF, 0xFF, 0xFF, 0xFF, 0xFF, 0xFF, 0xFF, 0xFF, 0xFF, 0xFF, 0xFF, 0xFF, 
  /*6380:*/ 0xFF, 0xFF, 0xFF, 0xFF, 0xFF, 0xFF, 0xFF, 0xFF, 0xFF, 0xFF, 0xFF, 0xFF, 0xFF, 0xFF, 0xFF, 0xFE, 
  /*6390:*/ 0xEB, 0x9B, 0x99, 0x68, 0x54, 0x54, 0x44, 0x40, 0x02, 0x00, 0x00, 0x10, 0x00, 0x00, 0x20, 0x10, 
  /*63A0:*/ 0x10, 0x20, 0x00, 0x10, 0x20, 0x01, 0x00, 0x20, 0x02, 0x00, 0x00, 0x10, 0x00, 0x00, 0x10, 0x00, 
  /*63B0:*/ 0x01, 0x00, 0x00, 0x00, 0x00, 0x00, 0x00, 0x00, 0x02, 0x00, 0x00, 0x00, 0x00, 0x10, 0x00, 0x02, 
  /*63C0:*/ 0x00, 0x10, 0x00, 0x02, 0x01, 0x00, 0x20, 0x01, 0x00, 0x00, 0x20, 0x00, 0x01, 0x01, 0x02, 0x01, 
  /*63D0:*/ 0x20, 0x12, 0x02, 0x02, 0x02, 0x10, 0x12, 0x01, 0x01, 0x20, 0x10, 0x10, 0x20, 0x10, 0x22, 0x12, 
  /*63E0:*/ 0x01, 0x20, 0x12, 0x00, 0x10, 0x20, 0x20, 0x02, 0x02, 0x12, 0x12, 0x02, 0x21, 0x22, 0x14, 0x58, 
  /*63F0:*/ 0x69, 0xCB, 0xBE, 0xEE, 0xEF, 0xFF, 0xFF, 0xFF, 0xFF, 0xFF, 0xFF, 0xFF, 0xFF, 0xFF, 0xFF, 0xFF, 
  /*6400:*/ 0xFF, 0xFF, 0xFF, 0xFF, 0xFF, 0xFF, 0xFF, 0xFF, 0xFF, 0xFF, 0xFF, 0xFF, 0xFF, 0xFF, 0xFF, 0xFE, 
  /*6410:*/ 0xBB, 0xB9, 0xB6, 0x86, 0x58, 0x44, 0x44, 0x44, 0x20, 0x10, 0x10, 0x02, 0x02, 0x21, 0x21, 0x22, 
  /*6420:*/ 0x12, 0x21, 0x22, 0x22, 0x12, 0x22, 0x22, 0x12, 0x12, 0x12, 0x12, 0x21, 0x21, 0x21, 0x02, 0x21, 
  /*6430:*/ 0x22, 0x21, 0x12, 0x11, 0x21, 0x21, 0x12, 0x12, 0x10, 0x21, 0x21, 0x21, 0x22, 0x02, 0x12, 0x01, 
  /*6440:*/ 0x20, 0x20, 0x10, 0x21, 0x02, 0x01, 0x01, 0x02, 0x02, 0x12, 0x01, 0x21, 0x20, 0x20, 0x20, 0x10, 
  /*6450:*/ 0x20, 0x00, 0x10, 0x20, 0x10, 0x20, 0x20, 0x10, 0x20, 0x01, 0x20, 0x20, 0x12, 0x02, 0x00, 0x01, 
  /*6460:*/ 0x02, 0x02, 0x00, 0x21, 0x02, 0x01, 0x02, 0x00, 0x10, 0x00, 0x00, 0x00, 0x12, 0x44, 0x54, 0x65, 
  /*6470:*/ 0x87, 0xBB, 0xBE, 0xEE, 0xEF, 0xFF, 0xFF, 0xFF, 0xFF, 0xFF, 0xFF, 0xFF, 0xFF, 0xFF, 0xFF, 0xFF, 
  /*6480:*/ 0xFF, 0xFF, 0xFF, 0xFF, 0xFF, 0xFF, 0xFF, 0xFF, 0xFF, 0xFF, 0xFF, 0xFF, 0xFF, 0xFF, 0xFF, 0xFE, 
  /*6490:*/ 0xEB, 0x9B, 0x68, 0x65, 0x84, 0x55, 0x45, 0x44, 0x44, 0x24, 0x24, 0x41, 0x42, 0x31, 0x24, 0x22, 
  /*64A0:*/ 0x23, 0x22, 0x22, 0x22, 0x22, 0x21, 0x22, 0x22, 0x22, 0x22, 0x21, 0x22, 0x22, 0x12, 0x42, 0x22, 
  /*64B0:*/ 0x21, 0x22, 0x22, 0x22, 0x22, 0x22, 0x22, 0x21, 0x22, 0x22, 0x22, 0x22, 0x12, 0x12, 0x22, 0x22, 
  /*64C0:*/ 0x12, 0x22, 0x22, 0x22, 0x12, 0x22, 0x22, 0x21, 0x22, 0x21, 0x22, 0x22, 0x12, 0x22, 0x12, 0x22, 
  /*64D0:*/ 0x21, 0x22, 0x22, 0x12, 0x22, 0x12, 0x12, 0x22, 0x22, 0x21, 0x21, 0x22, 0x12, 0x21, 0x22, 0x22, 
  /*64E0:*/ 0x22, 0x21, 0x21, 0x22, 0x21, 0x22, 0x21, 0x21, 0x02, 0x00, 0x21, 0x02, 0x44, 0x44, 0x45, 0x48, 
  /*64F0:*/ 0x69, 0x9B, 0xBB, 0xEE, 0xEF, 0xFF, 0xFF, 0xFF, 0xFF, 0xFF, 0xFF, 0xFF, 0xFF, 0xFF, 0xFF, 0xFF, 
  /*6500:*/ 0xFF, 0xFF, 0xFF, 0xFF, 0xFF, 0xFF, 0xFF, 0xFF, 0xFF, 0xFF, 0xFF, 0xFF, 0xFF, 0xFF, 0xFF, 0xFE, 
  /*6510:*/ 0xBB, 0xB9, 0x96, 0x85, 0x46, 0x38, 0x44, 0x44, 0x44, 0x44, 0x44, 0x44, 0x44, 0x44, 0x43, 0x44, 
  /*6520:*/ 0x43, 0x44, 0x44, 0x44, 0x44, 0x44, 0x44, 0x43, 0x44, 0x34, 0x43, 0x44, 0x44, 0x42, 0x33, 0x42, 
  /*6530:*/ 0x44, 0x43, 0x43, 0x34, 0x32, 0x44, 0x24, 0x34, 0x34, 0x32, 0x42, 0x43, 0x24, 0x42, 0x43, 0x32, 
  /*6540:*/ 0x42, 0x43, 0x14, 0x42, 0x34, 0x14, 0x32, 0x43, 0x24, 0x24, 0x24, 0x14, 0x24, 0x23, 0x24, 0x13, 
  /*6550:*/ 0x23, 0x33, 0x24, 0x23, 0x24, 0x24, 0x23, 0x23, 0x14, 0x13, 0x22, 0x32, 0x42, 0x32, 0x41, 0x42, 
  /*6560:*/ 0x31, 0x42, 0x42, 0x42, 0x42, 0x42, 0x42, 0x42, 0x42, 0x44, 0x24, 0x44, 0x44, 0x44, 0x54, 0x85, 
  /*6570:*/ 0x86, 0x9B, 0xBE, 0xEE, 0xEF, 0xFF, 0xFF, 0xFF, 0xFF, 0xFF, 0xFF, 0xFF, 0xFF, 0xFF, 0xFF, 0xFF, 
  /*6580:*/ 0xFF, 0xFF, 0xFF, 0xFF, 0xFF, 0xFF, 0xFF, 0xFF, 0xFF, 0xFF, 0xFF, 0xFF, 0xFF, 0xFF, 0xFF, 0xFE, 
  /*6590:*/ 0xEB, 0x9B, 0x68, 0x66, 0x85, 0x46, 0x46, 0x46, 0x45, 0x45, 0x44, 0x44, 0x44, 0x44, 0x44, 0x44, 
  /*65A0:*/ 0x44, 0x44, 0x44, 0x44, 0x44, 0x44, 0x44, 0x44, 0x44, 0x44, 0x44, 0x44, 0x44, 0x44, 0x44, 0x44, 
  /*65B0:*/ 0x44, 0x44, 0x44, 0x44, 0x44, 0x44, 0x44, 0x44, 0x44, 0x44, 0x44, 0x44, 0x44, 0x44, 0x44, 0x44, 
  /*65C0:*/ 0x44, 0x44, 0x44, 0x44, 0x44, 0x44, 0x44, 0x44, 0x44, 0x44, 0x44, 0x44, 0x44, 0x44, 0x44, 0x44, 
  /*65D0:*/ 0x44, 0x44, 0x44, 0x44, 0x44, 0x44, 0x44, 0x44, 0x44, 0x44, 0x44, 0x44, 0x44, 0x44, 0x44, 0x44, 
  /*65E0:*/ 0x44, 0x44, 0x44, 0x44, 0x34, 0x44, 0x44, 0x44, 0x44, 0x44, 0x44, 0x44, 0x44, 0x54, 0x84, 0x55, 
  /*65F0:*/ 0x68, 0xBB, 0xBB, 0xEE, 0xEF, 0xFF, 0xFF, 0xFF, 0xFF, 0xFF, 0xFF, 0xFF, 0xFF, 0xFF, 0xFF, 0xFF, 
  /*6600:*/ 0xFF, 0xFF, 0xFF, 0xFF, 0xFF, 0xFF, 0xFF, 0xFF, 0xFF, 0xFF, 0xFF, 0xFF, 0xFF, 0xFF, 0xFF, 0xFE, 
  /*6610:*/ 0xEB, 0xB9, 0xB6, 0x86, 0x68, 0x68, 0x68, 0x68, 0x58, 0x68, 0x68, 0x56, 0x58, 0x56, 0x58, 0x55, 
  /*6620:*/ 0x85, 0x58, 0x55, 0x85, 0x58, 0x55, 0x85, 0x58, 0x55, 0x58, 0x45, 0x55, 0x46, 0x45, 0x58, 0x54, 
  /*6630:*/ 0x64, 0x55, 0x45, 0x45, 0x54, 0x55, 0x45, 0x54, 0x54, 0x54, 0x54, 0x54, 0x54, 0x54, 0x54, 0x54, 
  /*6640:*/ 0x54, 0x54, 0x54, 0x54, 0x54, 0x54, 0x54, 0x54, 0x54, 0x45, 0x45, 0x44, 0x54, 0x45, 0x44, 0x54, 
  /*6650:*/ 0x54, 0x45, 0x44, 0x54, 0x44, 0x54, 0x44, 0x45, 0x44, 0x54, 0x45, 0x44, 0x45, 0x44, 0x45, 0x44, 
  /*6660:*/ 0x45, 0x44, 0x44, 0x54, 0x45, 0x44, 0x45, 0x44, 0x54, 0x54, 0x54, 0x54, 0x55, 0x48, 0x45, 0x84, 
  /*6670:*/ 0x69, 0x6B, 0xBB, 0xEF, 0xFF, 0xFF

  }; 
